{"p": 14, "q": 2, "mape": 0.013343564882192724, "mae": 35.98041868939818, "mse": 2397.469591866154, "rmse": 48.9639621749114}
