{"lag": 3, "num_sub_sequences": 12, "time": [0.8730522513389587, 0.8624366561571757, 0.8622281153996786, 0.8622899333635966, 0.8608710209528605, 0.860754124323527, 0.8634292721748352, 0.8645215590794881, 0.8615073800086975, 0.8655579646428426, 0.8641459941864014, 0.8621217886606852, 0.8596210638682048, 0.8632857163747152, 0.9007671236991882, 0.9132370074590047, 0.8860192775726319, 0.8578691840171814, 0.8610390067100525, 0.8651082952817281], "mape": [0.00516697284020819, 0.005234298383951642, 0.00522837622287138, 0.005196091123698396, 0.005213938912418921, 0.005219692526974554, 0.005137918021618453, 0.005107095557452081, 0.005156205837076659, 0.0052380492676373435, 0.0051550608298357465, 0.005189562722952281, 0.005147061183876948, 0.005157978756769929, 0.005250485193317956, 0.005166713715077109, 0.005158245017675918, 0.005210063626096931, 0.005187742275759593, 0.00519579036589589], "mae": [13.972275927007194, 14.153902517751849, 14.129299338189751, 14.045938198637959, 14.097909334075448, 14.109317376983164, 13.901249609263742, 13.81476478338241, 13.946732208927466, 14.158427194821833, 13.939762990264098, 14.033387109331288, 13.92379640131394, 13.94924040834506, 14.192018484429518, 13.966643627707162, 13.949664330156642, 14.095516643253958, 14.029801677807173, 14.053406817869345], "mse": [371.8020656045535, 381.6107926729016, 376.6885853762352, 375.41731889245705, 378.35029682956963, 381.3756203513872, 376.17446976542305, 367.50630194790693, 376.55337331983816, 381.5509953449017, 372.5947539037269, 371.6385953282731, 380.80448697714996, 374.0156220762958, 378.06330459335146, 373.1299420738652, 369.26275829312976, 379.66367235958495, 372.4965835217721, 375.965827456862], "rmse": [19.2821696290784, 19.534860958627313, 19.40846684764758, 19.375688862398082, 19.451228671463653, 19.52884073239851, 19.395217703481006, 19.17045387954878, 19.404983208439994, 19.533330370034232, 19.30271364092953, 19.277930265676165, 19.514212435482758, 19.339483500763297, 19.443850045537573, 19.316571695667562, 19.216210820375846, 19.484960158018925, 19.300170556805245, 19.389838252467758]}
{"lag": 4, "num_sub_sequences": 12, "time": [0.8715658068656922, 0.8704084157943726, 0.8683413743972779, 0.8691340605417888, 0.8656202832857768, 0.8630428234736125, 0.8663401166598003, 0.8666158278783163, 0.8733201464017232, 0.8651207407315572, 0.8677397489547729, 0.866962750752767, 0.8655625343322754, 0.8634997447331746, 0.8647300481796265, 0.8669036110242208, 0.8762407859166463, 0.8747673670450846, 0.874514377117157, 0.8713675618171692], "mape": [0.005288475200949614, 0.005282482486856385, 0.005265639743063246, 0.0053217516516223164, 0.005246202669611293, 0.005325400385034492, 0.005230276898613544, 0.0053621642938057315, 0.005288628064897277, 0.005306595561414768, 0.005305218766553455, 0.005306200193765975, 0.005264287071642895, 0.005197650750180938, 0.005281111246591019, 0.005324082427050795, 0.005252488272298167, 0.005286904740994877, 0.005255979407664629, 0.005294933533186205], "mae": [14.284776909446713, 14.263303731926275, 14.219481974331533, 14.372959853108714, 14.16927206317186, 14.381209015818428, 14.130359108789756, 14.475441301409392, 14.282945897193743, 14.34127011129458, 14.331534376351028, 14.329461922880006, 14.212247422321628, 14.050735357642157, 14.262069803031276, 14.377229464526966, 14.185984254713839, 14.283580045592776, 14.191429215180863, 14.304545558567831], "mse": [395.2513993189266, 395.1599624416311, 395.4137015919801, 394.5281637549814, 396.0622581727608, 404.65570096638993, 389.3208359474501, 396.42597093540525, 392.3393089357894, 404.9642384627075, 396.1234131756915, 394.71754058243175, 394.25994424551885, 391.9818056045417, 395.3212924820685, 400.5856940591648, 388.62697172698125, 392.34828570321747, 387.70745386280413, 395.32366892228305], "rmse": [19.880930544592893, 19.878630798966793, 19.8850119837022, 19.862733038405903, 19.901312976101874, 20.11605580043936, 19.73121476106958, 19.910448787895398, 19.80755686438359, 20.123723275346126, 19.902849373285513, 19.867499605698544, 19.8559800625786, 19.798530390019906, 19.882688260948733, 20.014636995438234, 19.713624013026656, 19.807783462649663, 19.690288313348898, 19.882748022400804]}
{"lag": 5, "num_sub_sequences": 12, "time": [0.8738864064216614, 0.874028491973877, 0.8704286932945251, 0.8735626101493835, 0.8751221537590027, 0.875312598546346, 0.8712352832158407, 0.8726972341537476, 0.8729585965474447, 0.8713091055552165, 0.8678561607996623, 0.8715016007423401, 0.872294811407725, 0.8714762131373087, 0.8715295672416687, 0.8713548024495442, 0.8741972049077352, 0.8743980089823405, 0.875606099764506, 0.8695045828819274], "mape": [0.005239297498880645, 0.005258658058545037, 0.0052950748984639225, 0.005279117621056799, 0.005289914357390727, 0.005315995282131759, 0.005293537175805196, 0.005256281685165758, 0.0052785747696870045, 0.005226571451384793, 0.005350442122721091, 0.005336099144988691, 0.005252159504655357, 0.0052907574549262626, 0.005318669071990752, 0.005284864277937445, 0.005260790381135748, 0.005329563829578753, 0.005286757727607463, 0.005295420616358897], "mae": [14.160858411359781, 14.216221234695107, 14.314234269456058, 14.268574621562154, 14.286314606300978, 14.358349703697355, 14.29651439775625, 14.204574531598883, 14.26034403451283, 14.125248137164101, 14.44728043396075, 14.418727107032131, 14.191953317987911, 14.294444802256415, 14.364260711769251, 14.280289502894872, 14.21481615478992, 14.399940488966294, 14.286194333346678, 14.306650580743941], "mse": [390.2914095324146, 393.90107994207733, 398.69803529981635, 388.8589568167528, 398.8518830968237, 393.0655335377441, 388.44396464517035, 387.13251864879766, 397.1065945110066, 385.2828663257781, 399.91277048220235, 386.69652166375545, 388.6526871752664, 389.32965102358156, 399.27443183161785, 392.4995003237631, 389.7957558952787, 394.9866230667315, 389.5621625127829, 394.4101723127697], "rmse": [19.755794328055114, 19.846941324599047, 19.96742435317626, 19.719507012518157, 19.97127645136444, 19.825880397544623, 19.70898182669948, 19.675683435367567, 19.927533578218018, 19.628623648279014, 19.997819143151645, 19.664600724747896, 19.714276227527765, 19.731438138756676, 19.9818525625533, 19.81160014546435, 19.743245829783884, 19.874270378223486, 19.73732916361236, 19.859762644925283]}
{"lag": 6, "num_sub_sequences": 12, "time": [0.8715677499771118, 0.8699040214220682, 0.8668204506238302, 0.8638992826143901, 0.8666700561841328, 0.8659459789594014, 0.8674423575401307, 0.8651859402656555, 0.8695498545964558, 0.870445724328359, 0.8651900688807169, 0.8682724714279175, 0.8633320927619934, 0.8664985577265422, 0.8687657435735067, 0.8679676294326782, 0.8652542471885681, 0.8740947286287943, 0.8722327470779419, 0.8684391697247823], "mape": [0.005248262556915763, 0.005263556057957386, 0.0052075442386645705, 0.00521627699081732, 0.005310143240000773, 0.005294823768847997, 0.005232847064447965, 0.005255931292607305, 0.005206674218945442, 0.0052215467910292366, 0.005288333846920945, 0.005269429015627103, 0.005229406134779737, 0.0052782531635626575, 0.005238272924660428, 0.005220699072504964, 0.005242595214074785, 0.005248074049513953, 0.005309075455321609, 0.005236471555471056], "mae": [14.18499048832257, 14.22636862471103, 14.075966662542013, 14.10316184258063, 14.351522993024185, 14.30017895800272, 14.141931736385814, 14.20488961960474, 14.07385565243959, 14.111900340239195, 14.285695974000289, 14.23577545604705, 14.140489174183204, 14.266261559673142, 14.159119350282344, 14.114827023069052, 14.165431636095036, 14.18532627500693, 14.335590391854433, 14.153182887613767], "mse": [392.3869777777215, 391.30266759867436, 390.78175853910005, 388.35229688503955, 399.6615676280657, 391.20766570990116, 386.41296414096564, 392.6464102401585, 383.89233229843865, 389.932273965609, 393.7682574998316, 387.14643552706895, 391.2832476173495, 400.1095892288426, 393.52858243281844, 387.3995427667393, 392.6058848458434, 398.8022821632672, 389.47456522924233, 392.6773057987485],