{"lag": 3, "time": [0.07271672884623209, 0.07136588493982951, 0.07145699659983316, 0.07148489554723104, 0.07156193256378174, 0.07216800053914388, 0.07346403996149699, 0.07167693376541137, 0.07156923214594522, 0.07161236604054769, 0.07167803049087525, 0.07159411509831747, 0.07175780932108561, 0.0743358850479126, 0.07157413562138876, 0.0716510534286499, 0.0715690533320109, 0.07156929175059, 0.0715095321337382, 0.07160811026891073], "mape": [0.010422189935409373, 0.010414832363379232, 0.010435011789872809, 0.010578082806820082, 0.01038741847417983, 0.010371027396566363, 0.010315365979649369, 0.010380148011506546, 0.010372226603033642, 0.01045794432887022, 0.0103901774104804, 0.010387330617396297, 0.010255202648862118, 0.01038864521178625, 0.010378539475311685, 0.010394818880306326, 0.010299857899884605, 0.010385011414916953, 0.010583355180844148, 0.010242100454788274], "mae": [28.145933218741412, 28.126373590077954, 28.1797345224229, 28.567783598907287, 28.052373917998374, 28.00459273102482, 27.857762612787884, 28.03073613889615, 28.011926372635365, 28.242205447775124, 28.06148730762502, 28.051250930461283, 27.693659701546032, 28.05709325513641, 28.02761904291908, 28.074047487187382, 27.814624511419726, 28.04440847869515, 28.580921410863592, 27.659203060241538], "mse": [1608.6549460968158, 1602.4317869708584, 1610.4318696791959, 1650.9963489630507, 1585.1177629632211, 1566.8693895892904, 1577.7053577219506, 1575.054633005992, 1592.0736531721739, 1600.0575220674916, 1595.625715274748, 1586.947989269921, 1547.5277432917471, 1585.8830773225877, 1579.6567211835504, 1595.233032436095, 1557.0797108901356, 1586.0476019895764, 1642.4218422750093, 1530.9551950325933], "rmse": [40.108040915716835, 40.030385795928304, 40.130186514383354, 40.63245438024943, 39.81353743343112, 39.58370105977068, 39.72033934550346, 39.68695797117728, 39.900797650826156, 40.000719019381286, 39.945284017950705, 39.83651577723535, 39.33862914860846, 39.82314750647653, 39.744895536201255, 39.94036845643885, 39.45984935209631, 39.82521314430817, 40.526803997786566, 39.12742254522515]}
{"lag": 4, "time": [0.07205352783203126, 0.07197180589040121, 0.07216782569885254, 0.07248843510945638, 0.0752851406733195, 0.07230138381322225, 0.07255790233612061, 0.07233263254165649, 0.07246050437291464, 0.07228869199752808, 0.07230540911356607, 0.07490550676981608, 0.07209451993306477, 0.07219907442728678, 0.07212604681650797, 0.07231910228729248, 0.07211266358693441, 0.0722850759824117, 0.0749152143796285, 0.07230756680170695], "mape": [0.010240513536044807, 0.010433472166799846, 0.010389087166987275, 0.010308349946819978, 0.01029339553464741, 0.010231937984711137, 0.010458420665924855, 0.01037236272414062, 0.010174777441747366, 0.01049462378414073, 0.010542453697273392, 0.010443216093264467, 0.010429806099556273, 0.010366369296708885, 0.010346618379178048, 0.010245472958558374, 0.010497292791664297, 0.010310128335249571, 0.0103638133132004, 0.010301218476240758], "mae": [27.65446788781781, 28.177062412699062, 28.05493915252487, 27.84005857562919, 27.796869035551936, 27.630803037256992, 28.24330394096772, 28.011974492204185, 27.477742718680457, 28.34342840867937, 28.47243280883431, 28.205488310977575, 28.166172777726253, 27.996242608263092, 27.942207597874596, 27.668183062654727, 28.350209157242872, 27.84140274601678, 27.987449869278073, 27.820388567212213], "mse": [1548.1918968808309, 1603.8043548509977, 1572.7585066968413, 1571.1601361093378, 1549.4881921050535, 1542.2096486876485, 1598.5924545224907, 1589.9448013166127, 1532.5613505839065, 1627.2514009571532, 1651.4674919404638, 1605.7883079727874, 1596.3093270242775, 1586.1147823099052, 1577.3663163593917, 1541.9408765061494, 1605.909573202044, 1560.506713050353, 1585.3913414687454, 1556.3605800486857], "rmse": [39.347069736904565, 40.047526201389736, 39.658019450003316, 39.6378624059035, 39.363538866634606, 39.27097718019821, 39.98240181032764, 39.87411191884545, 39.147941843523604, 40.33920426777347, 40.63825158567312, 40.07228852926655, 39.95383995342973, 39.826056574934775, 39.7160712603776, 39.26755501054464, 40.073801581607455, 39.50324939862989, 39.8169730324738, 39.4507361154223]}
{"lag": 5, "time": [0.07223472197850546, 0.07211049397786458, 0.07503417730331421, 0.0722370187441508, 0.07206509113311768, 0.07204640706380208, 0.07202823559443156, 0.07176776727040608, 0.07184590101242065, 0.07447121143341065, 0.07195895910263062, 0.0721868912378947, 0.07208766142527262, 0.07221090793609619, 0.07181008259455363, 0.07224678993225098, 0.07448534965515137, 0.07190208037694296, 0.07193053563435872, 0.07182100216547647], "mape": [0.01033529877403409, 0.010485345309520364, 0.010487390238204232, 0.01028669638434598, 0.010490241021822246, 0.010325067769418933, 0.01036267848953966, 0.010431954411065746, 0.010479448594961922, 0.010305470256566853, 0.010362903692561525, 0.010399555446730081, 0.010378915030332272, 0.010408447736335709, 0.010324340546611575, 0.01040791372569551, 0.01039835375087104, 0.010288637313674177, 0.010354976593668479, 0.01039470336042707], "mae": [27.91176551254962, 28.317016039013858, 28.321884469963116, 27.778207792217533, 28.33160200790365, 27.88375842280288, 27.98412518061796, 28.17292738267581, 28.302077042752497, 27.829190891355513, 27.985384224325667, 28.085229560002688, 28.027612130202844, 28.10830794620415, 27.880625980727867, 28.1082082876578, 28.080411008969943, 27.78451375540221, 27.96306403974989, 28.072639257835352], "mse": [1574.9558942644508, 1614.165692503672, 1615.7713883272427, 1549.368395132736, 1619.6833502215936, 1563.194179626897, 1570.2947497070181, 1594.49458709086, 1631.3725205845078, 1542.126654967536, 1568.6613944003186, 1596.0886365335348, 1578.6115239172373, 1601.490982797085, 1579.879269327587, 1592.1072992134307, 1585.3241687281136, 1556.4628902665622, 1559.613837221755, 1599.802214131605], "rmse": [39.68571398204209, 40.17668095430074, 40.19665891995556, 39.36201716290383, 40.24528978926097, 39.53725053195906, 39.62694474353301, 39.931123038187394, 40.390252791787624, 39.26992048588252, 39.606330231420316, 39.95107803969168, 39.73174453654455, 40.01863294513051, 39.74769514484566, 39.90121926975955, 39.816129504612995, 39.45203277736855, 39.4919464856033, 39.99752760023556]}
{"lag": 6, "time": [0.07420682907104492, 0.071641472975413, 0.07188669443130494, 0.07181771596272786, 0.07191843589146932, 0.07184669971466065, 0.07194818258285522, 0.07428983052571615, 0.07200859785079956, 0.07185783783594767, 0.07193473974863689, 0.07169568538665771, 0.0717484990755717, 0.0717221220334371, 0.07458381255467733, 0.07202099164326986, 0.07199947436650594, 0.07180340687433878, 0.07184545596440634, 0.07191299200057984], "mape": [0.01035044324749425, 0.010427059770182077, 0.010322800047299012, 0.010367851369126461, 0.010379503451418198, 0.010347208628829728, 0.01043176630500718, 0.010496242496714412, 0.01025264516236062, 0.010278898342152206, 0.010374938860921189, 0.010325447735295196, 0.010352301307765599, 0.010338492734184185, 0.01056318160111887, 0.010350627428745677, 0.010340668461239173, 0.010414871457877497, 0.01044543760611942, 0.010385649137915101], "mae": [27.95272848136871, 28.158056585592277, 27.878541454758246, 27.99900788672517, 28.032141996786994, 27.942699239559964, 28.171563019710774, 28.34679471638203, 27.68696552713364, 27.758098668613034, 28.017510284361244, 27.884666390110045, 27.959211853847894, 27.920194885430732, 28.528748579417663, 27.952518967092036, 27.925163861868775, 28.126306815800817, 28.210128853491938, 28.04722227430791], "mse": [1572.2116331937016, 1602.4992062019176, 1571.5477371756585, 1578.1067646900285, 1583.5447785282358, 1568.126755822592, 1604.939588210287, 1614.010739478782, 1545.2455544359036, 1545.5430480891425, 1587.1670012396075, 1562.2875006472043, 1582.598184230447, 1575.581544268705, 1647.7757679626395, 1578.9252817426557, 1572.4864645663597, 1583.4779479146432, 1605.15483133489, 1583.257604872237],