{"lag": 3, "num_sub_sequences": 12, "time": [0.085127059618632, 0.08295070727666219, 0.08303710222244262, 0.08324078718821208, 0.08274141947428386, 0.0831807812054952, 0.08492156664530436, 0.08312557935714722, 0.08305529753367107, 0.08322973251342773, 0.08313339153925578, 0.0828805128733317, 0.08281601667404175, 0.08551563421885172, 0.08305808703104654, 0.08311700026194255, 0.0830480694770813, 0.08267787297566732, 0.08250159025192261, 0.08233194748560588], "mape": [0.005075244462371181, 0.005087653100614804, 0.005211257309374139, 0.005099340117649873, 0.005141605004210064, 0.005120444426004727, 0.005080905804550126, 0.005060905919982095, 0.005115648360365032, 0.0050291565837616735, 0.005127106616217967, 0.005172103556547921, 0.005062388425286186, 0.005094300458284147, 0.005078534648575464, 0.005110314910950075, 0.005115041695845083, 0.005128911169966404, 0.005134665983928323, 0.0051045225002433895], "mae": [13.753109916495777, 13.787933831219368, 14.118933983996515, 13.811235553154352, 13.936377009598406, 13.8781861002485, 13.75981708403627, 13.714070329008246, 13.855300624271234, 13.631061915628115, 13.902936414502062, 14.016309942907277, 13.725024659709131, 13.815793360097706, 13.761957882448035, 13.848006821451339, 13.854415252118796, 13.887999035447836, 13.917334221904973, 13.838115658444167], "mse": [370.5356461568099, 362.97309319727157, 382.3994479625683, 368.33046039789076, 371.6590713146206, 363.09507574757487, 367.12782428431507, 367.23720219903424, 368.191071939082, 357.5141394643761, 385.6993932799934, 372.88508343822144, 368.58270560539654, 358.33439698980953, 371.12007985174176, 373.7473872316624, 365.3522015400391, 368.06675933268707, 365.30246827729223, 370.7706866508146], "rmse": [19.249302484942405, 19.051852749726773, 19.555036383565444, 19.19193738000129, 19.27846133161619, 19.05505381119599, 19.16057995688844, 19.163433987650393, 19.188305603650416, 18.90804430564875, 19.63923097476053, 19.31023260963527, 19.19850790049572, 18.929722580899316, 19.264477149711116, 19.332547354957192, 19.114188487614094, 19.185066049734807, 19.112887491880766, 19.255406686196338]}
{"lag": 4, "num_sub_sequences": 12, "time": [0.08585904041926067, 0.08579548199971516, 0.08516065279642741, 0.08540658553441366, 0.08854078054428101, 0.08553886810938517, 0.08543521960576375, 0.08532909552256267, 0.08567104736963908, 0.08582726319630941, 0.08548233509063721, 0.08757818937301635, 0.08556808630625407, 0.08553492625554403, 0.08539657990137736, 0.08530894915262859, 0.08508123556772867, 0.08526919682820638, 0.08737459580103556, 0.08503571748733521], "mape": [0.0051612708805451315, 0.005061980237038498, 0.005124148458834603, 0.005102997742884805, 0.005146794979430402, 0.005195220491880727, 0.005220567349950464, 0.00516356149653555, 0.005185246205720248, 0.005137492414622792, 0.0051313330064746586, 0.005126419023448936, 0.0051566873394073886, 0.0050986133879568594, 0.005163705749684939, 0.005136465484039776, 0.005153175373174117, 0.005132979872075885, 0.005170355838367681, 0.005116357010376297], "mae": [13.978095210724314, 13.706392045253505, 13.881245251709467, 13.81922164671023, 13.932093257028852, 14.059630033175138, 14.128243296027673, 13.984001675727207, 14.038473451208064, 13.910360008982309, 13.888804920819142, 13.885341648973014, 13.970157349840296, 13.800671693388614, 13.983670962754877, 13.910055018059404, 13.958258204213768, 13.907444644728299, 13.991978159799176, 13.862464447042578], "mse": [379.93409900685504, 347.972997816935, 361.80489638406897, 373.27968473462187, 364.4687915737944, 360.08631711309283, 370.86542205439883, 365.96653920179324, 362.9227571015702, 358.16910195665577, 358.3781938893135, 368.880776873366, 363.24369302266456, 365.6882558240122, 375.20115441738153, 356.7398718459797, 366.8652168688919, 362.8382968274315, 362.76568461057053, 367.0684194833071], "rmse": [19.4918982915173, 18.6540343576647, 19.021169690218027, 19.320447322322064, 19.091065752696846, 18.97594048033174, 19.257866497989824, 19.130251937750145, 19.05053167503653, 18.92535605891355, 18.93087937443249, 19.206269207562567, 19.058953093563783, 19.122977169468466, 19.370109819445567, 18.887558652350485, 19.1537259265369, 19.048314802822624, 19.046408706382696, 19.159029711426076]}
{"lag": 5, "num_sub_sequences": 12, "time": [0.08660771449406941, 0.08630669911702474, 0.08664079109827677, 0.08923543294270833, 0.08708736499150595, 0.08733803828557332, 0.08718528350194295, 0.08710532983144124, 0.0877042293548584, 0.08947537740071615, 0.08711033662160238, 0.08704814513524374, 0.08697004318237304, 0.08685781955718994, 0.0867013931274414, 0.08708466291427612, 0.08948769172032674, 0.08701699574788412, 0.087053116162618, 0.08771371444066366], "mape": [0.0052007793730137145, 0.005101832943789482, 0.005141040293680354, 0.005187073238193757, 0.005134325002163271, 0.005181185511511882, 0.005130230312068087, 0.00516264268265173, 0.005084810937669086, 0.005188992312765993, 0.005196359722754108, 0.00513371368633069, 0.005175811330612817, 0.005177092649625826, 0.0051683523603301695, 0.005203617145897684, 0.005197851452741723, 0.005127726523956799, 0.005158894782271707, 0.0050966031349804816], "mae": [14.080485038491085, 13.81139991933107, 13.918030666322696, 14.046918222586307, 13.893603241461514, 14.009365906720358, 13.8909328813831, 13.975867454020166, 13.774768183361484, 14.038379984638086, 14.059118249696239, 13.901485990018148, 14.019452958687143, 14.016626792390628, 13.995194059401747, 14.088395378057152, 14.075826076800617, 13.887855679299925, 13.961141599498685, 13.812999132890496], "mse": [363.6657953369638, 363.87261526076963, 353.78079077820485, 371.45565547224254, 365.4766684766087, 368.5445353362198, 367.78385833283244, 365.7077858405083, 352.2472377132397, 370.0119956015115, 363.0088582200583, 368.26653752469343, 361.9961577015438, 379.3492797284411, 363.60306798418884, 386.64009896751475, 360.3389725851787, 357.31352230226446, 360.3855341273102, 368.15008032502], "rmse": [19.07002347499771, 19.075445348949774, 18.80906140077715, 19.273184881390065, 19.117444088491766, 19.19751378007631, 19.177691684163463, 19.123487805327464, 18.768250789917523, 19.235695869957798, 19.052791349827412, 19.19027195025369, 19.02619661681083, 19.47689091534994, 19.06837874556169, 19.663166046380088, 18.982596571206447, 18.90273848685064, 18.983822958701186, 19.18723743338316]}
{"lag": 6, "num_sub_sequences": 12, "time": [0.08926249345143636, 0.0911649743715922, 0.08885125716527303, 0.08889558712641397, 0.08884610732396443, 0.08858848810195923, 0.08904312054316203, 0.09104838768641153, 0.0888221263885498, 0.0888068437576294, 0.08897414207458496, 0.08920041720072429, 0.08955363432566325, 0.08913383881251018, 0.09154892365137736, 0.08880500793457032, 0.08870595693588257, 0.08871058622996013, 0.08896738290786743, 0.08874416748682658], "mape": [0.005165213919352529, 0.0051969982014030925, 0.005175975671594004, 0.005156948267429762, 0.005198245928258515, 0.005220167377967023, 0.005138252496489659, 0.00520694069757675, 0.005288171869818116, 0.005206260521353329, 0.005246561274421355, 0.0052345484247182245, 0.005272592591133621, 0.005233172135525135, 0.005201960505687062, 0.0051738447602371765, 0.005192916319029028, 0.005194292854398824, 0.0052473348596485244, 0.005237737348265141], "mae": [13.990623917176071, 14.075650945909807, 14.01907583378553, 13.961132381180912, 14.075844996225829, 14.138599916673945, 13.903088196684664, 14.105524178985755, 14.310354437203193, 14.088910764078792, 14.198191155644752, 14.184342504635442, 14.269779345562055, 14.17246202202874, 14.09036507942627, 14.014854618613912, 14.07001256845618, 14.062585614316164, 14.207986386130244, 14.178622338783237],