{"p": 14, "q": 10, "mape": 0.03562759086329299, "mae": 109.3539898524067, "mse": 16482.332930687215, "rmse": 128.38353839448115}
