{"lag": 9, "time": [0.06692520380020142, 0.06864075263341268], "mape": [0.01870347236817365, 0.018386757726305096], "mae": [57.03473032198426, 56.07756158791062], "mse": [5691.959647127625, 5589.163953352122], "rmse": [75.44507702380338, 74.76071129511892]}
{"lag": 9, "time": [0.06264447371164958, 0.05876229604085286], "mape": [0.017764215450562656, 0.018591859186847578], "mae": [54.18328726224181, 56.719978405258004], "mse": [5183.827446884686, 5574.846839404076], "rmse": [71.99880170450537, 74.66489696908498]}
{"lag": 9, "time": [0.07164921760559081, 0.06492420434951782], "mape": [0.018265390159654716, 0.018042738698962116], "mae": [55.70320785425183, 55.0146946848392], "mse": [5462.975226836772, 5441.998783525379], "rmse": [73.91194238305994, 73.7699043209721]}
6000
{"lag": 9, "time": [0.32868345181147257, 0.33409945567448934], "mape": [0.018357595102549654, 0.018684957405271006], "mae": [55.9882777415919, 56.98860876939771], "mse": [5434.547152060107, 5633.15076516828], "rmse": [73.7193811155527, 75.05431876426752]}
{"lag": 9, "time": [0.4160576303799947, 0.43231521447499593], "mape": [0.0183518498118663, 0.018933575604961183], "mae": [55.96257149658677, 57.76318967721936], "mse": [5447.613174194307, 5742.611262261287], "rmse": [73.80794790667403, 75.78001888533208]}
 