{"lag": 9, "time": [2.9512909015019733, 2.9123273412386577], "mape": [0.016624763357998184, 0.016432756839929837], "mae": [50.66208484104154, 50.06039292743681], "mse": [4636.546120631219, 4597.254595543424], "rmse": [68.09218839654972, 67.80305742032158]}
