{"lag": 9, "time": [74.31644331216812], "mape": [0.013546848491265551], "mae": [41.219722175648215], "mse": [2918.563646919393], "rmse": [54.02373225647588]}
