{"lag": 3, "num_sub_sequences": 8, "time": [0.18110235532124838, 0.17078203360239666, 0.17448938290278118, 0.17754377126693727, 0.19082177877426149, 0.1942487120628357, 0.21012591123580932, 0.18928271532058716, 0.17929717699686687, 0.176055379708608, 0.18068549633026124, 0.1721230943997701, 0.17057932615280152, 0.17330776850382487, 0.1777260422706604, 0.17942119439442952, 0.185165007909139, 0.176942507425944, 0.18212870359420777, 0.1822218378384908], "mape": [0.004276077634712257, 0.0042699453652988795, 0.004314156039321205, 0.00429451324721828, 0.004223430645508858, 0.004217788563864296, 0.004251359481825154, 0.00417018155913778, 0.00428635616376248, 0.004253156140859971, 0.004280270836784212, 0.00424362190901231, 0.004277545190477291, 0.004288963864037292, 0.004231499592695437, 0.004174870760865254, 0.004291094015637343, 0.004143921456825986, 0.004277044947288984, 0.0042443286128449], "mae": [9.758008885104125, 9.745928939227165, 9.842864795520624, 9.801188559391434, 9.636596580243468, 9.625192324288529, 9.69948488378522, 9.516726848907131, 9.779518170020593, 9.706394787800088, 9.766922360936123, 9.679835691338653, 9.76673020362265, 9.7830833467577, 9.656705125752017, 9.524661231123005, 9.788738643611039, 9.455366851286794, 9.752707143033104, 9.684176053891383], "mse": [152.93132083929663, 153.00998952631798, 154.6845783986547, 151.8060716739075, 148.5276381992972, 152.55773657979765, 150.76589089158776, 147.71537086900437, 151.56554162715832, 155.46127421025858, 152.4949368757556, 151.00024627169662, 152.91291689120186, 154.57220812458286, 150.70674095556575, 148.48287445724893, 153.27791488608966, 147.92844514109728, 153.03344398751128, 150.81332958321335], "rmse": [12.366540374708547, 12.36972067293025, 12.437225510484833, 12.320960663597116, 12.187191563247753, 12.35142649979336, 12.278676267887665, 12.153821245559126, 12.3111957838042, 12.468411053949842, 12.348884033618406, 12.288215748093643, 12.365796249785205, 12.43270719210353, 12.276267386936706, 12.185354917163838, 12.380545823431602, 12.162583818461325, 12.370668696053228, 12.28060786700778]}
{"lag": 4, "num_sub_sequences": 8, "time": [0.174278724193573, 0.17217584451039633, 0.1735865036646525, 0.17094674110412597, 0.17388824224472046, 0.19163728555043538, 0.19713213046391806, 0.17715339263280233, 0.17797636985778809, 0.17628554503122965, 0.1752853234608968, 0.17790624698003132, 0.17781358162562053, 0.17670451005299886, 0.17496766646703085, 0.1723210652669271, 0.20974536736806235, 0.1942439079284668, 0.22114605108896893, 0.193278706073761], "mape": [0.004398536265256948, 0.004412746205640409, 0.0044161362704902484, 0.004334083221746964, 0.004343381571084278, 0.004471033240903958, 0.004447989632387557, 0.004346538419422088, 0.004370254015088594, 0.0043937664158515775, 0.004427811109691695, 0.004438527200537298, 0.004388030389074341, 0.004452363557823389, 0.0043935737673134155, 0.0043362832748031176, 0.004336079827275623, 0.004409837401575205, 0.004481918589884768, 0.004365574803197904], "mae": [10.04142054757522, 10.071316107562302, 10.087292212181383, 9.894965513205891, 9.921835986203808, 10.217953491633036, 10.157356268050206, 9.924067524347116, 9.987382567790668, 10.028204592560124, 10.114776393548366, 10.130612948714681, 10.017391612822871, 10.166418671060738, 10.035686185500634, 9.902585455026756, 9.902610832284676, 10.072225492696264, 10.232181592440968, 9.970026942925347], "mse": [160.37450117689116, 156.6930613104091, 161.04096851093215, 152.83935955651037, 159.12697081992343, 163.93066774528899, 163.9068941981002, 153.40499015193834, 160.7325574348425, 157.09697398856954, 160.21248318255604, 156.23198923916718, 158.17300778270956, 163.77983185537886, 158.91211291036055, 152.12544579396064, 152.51982857902837, 158.11946623243762, 164.67140047478094, 159.85477698533643], "rmse": [12.663905447250116, 12.51770990678443, 12.69019182325201, 12.362821666452621, 12.61455392869377, 12.803541218947553, 12.802612787946849, 12.385676814447336, 12.678034446823471, 12.533833172201135, 12.657506989235916, 12.49927954880469, 12.576685087204401, 12.797649466030036, 12.606034781419593, 12.333914455433872, 12.349891844831207, 12.574556303601238, 12.832435484925725, 12.643368893824796]}
{"lag": 5, "num_sub_sequences": 8, "time": [0.18762437105178834, 0.17547099987665812, 0.18447510798772176, 0.19495394627253215, 0.2064099629720052, 0.1833172877629598, 0.17324478228886922, 0.1851684053738912, 0.1863622744878133, 0.20626171827316284, 0.1881592591603597, 0.17789592345555624, 0.17940523624420165, 0.18491853872934977, 0.19375933408737184, 0.1794979731241862, 0.1821908672650655, 0.18126825094223023, 0.18915764093399048, 0.1750263015429179], "mape": [0.004198906540022641, 0.004158098954064751, 0.004141774485456852, 0.004112695477048374, 0.00417401524015761, 0.00421488364687673, 0.00429209088660249, 0.0041758077695180735, 0.004217983358142773, 0.004078980921633302, 0.004198987049485911, 0.004194564705582501, 0.004264439331544365, 0.004216648792194866, 0.004214317648386341, 0.004230156389951879, 0.004128705609569991, 0.004193702336521426, 0.004214449659476028, 0.004160281942905534], "mae": [9.568829714696877, 9.46890296548308, 9.437375526369564, 9.375186424460525, 9.510895048477591, 9.602526786854991, 9.781148555317843, 9.504118093041098, 9.61253832327536, 9.291150848814663, 9.570697445830342, 9.55697799875109, 9.713621402353517, 9.609845616758827, 9.609269763184336, 9.632924157893047, 9.397976757979748, 9.561115222074925, 9.608405941314366, 9.482280552856238], "mse": [149.13048674556305, 146.55762920362665, 147.6889374761003, 145.42509793318422, 150.93633850099945, 147.52046664774838, 153.4263993753526, 147.0958944670293, 149.28967258851242, 143.1693970805839, 146.06548130579966, 144.91622238616034, 148.54739675197962, 148.1719390942514, 153.45508815134622, 150.40675773618293, 148.2369261472408, 151.35653922328586, 148.96319544152837, 146.136989117518], "rmse": [12.211899391395388, 12.106098843294921, 12.152733744968673, 12.059232891572508, 12.285615104706784, 12.145800370817412, 12.386541057751053, 12.128309629417831, 12.218415305943418, 11.965341494524253, 12.08575530555702, 12.038115400101477, 12.188002164094804, 12.172589662608832, 12.387699066063327, 12.264043286623826, 12.175258771263994, 12.30270454913414, 12.205047949169572, 12.088713294537099]}
