{"lag": 3, "time": [0.027210728327433268, 0.0218425194422404, 0.0203916072845459, 0.023502055803934732, 0.02078709602355957, 0.021719845136006673, 0.02082037925720215, 0.0219363808631897, 0.020427318414052327, 0.02151996692021688, 0.020810234546661376, 0.02355202833811442, 0.02038734753926595, 0.022258559862772625, 0.020553886890411377, 0.021653219064076742, 0.020104177792867026, 0.022003018856048585, 0.023913097381591798, 0.022552661101023355], "mape": [0.009323211539744424, 0.009513111229935086, 0.009391563364650234, 0.009320585846047313, 0.009332617973924744, 0.009422306226254762, 0.009659250475124632, 0.009440127932835477, 0.009429095450516683, 0.00941802315033319, 0.009492056395936076, 0.00947525141255946, 0.009385186915220403, 0.009539080691419583, 0.0094516735793076, 0.009397532470514345, 0.00936621627402084, 0.009462624915238707, 0.009483795081076014, 0.00946279247406997], "mae": [21.207478055756585, 21.64144540202811, 21.364764653057332, 21.20404842721437, 21.228780544373816, 21.433733602316636, 21.973609205429653, 21.476613813769603, 21.45236869699445, 21.42544070842225, 21.59631726582664, 21.556097996500164, 21.346564587788485, 21.696622981677272, 21.500577474626343, 21.37402269003233, 21.306211712719946, 21.52562785664932, 21.57809898898053, 21.52937757583718], "mse": [674.7908635156327, 699.3450952606038, 684.4432995549957, 673.7200305015792, 675.3113956026743, 690.1438997281602, 718.3759454316506, 690.40398304358, 688.392184134015, 688.6055974759369, 695.2674394768861, 694.9079290598012, 682.6200760709014, 703.1498730411622, 695.9494999200111, 685.6479047387628, 681.9172824235548, 694.1132423479812, 695.7477030887303, 692.4084904008578], "rmse": [25.976736968211245, 26.44513367825173, 26.161867279592176, 25.956117400365933, 25.986754233699028, 26.270590014846643, 26.802536175363155, 26.27553963372741, 26.237228972092595, 26.24129565162393, 26.36792444385576, 26.36110637017728, 26.126998987080423, 26.516973300909783, 26.380854798887984, 26.184879314955086, 26.113545956525222, 26.34602896734119, 26.377029838265155, 26.313655967973318]}
{"lag": 4, "time": [0.02200273672739665, 0.02348536252975464, 0.021086915334065755, 0.02188641627629598, 0.02060016393661499, 0.02172993024190267, 0.020620532830556235, 0.021619896094004314, 0.020170780022939046, 0.02278583844502767, 0.019970929622650145, 0.022186227639516196, 0.0205039381980896, 0.023302169640858968, 0.02040399710337321, 0.022102952003479004, 0.021403372287750244, 0.02828245162963867, 0.02443484862645467, 0.02201966047286987], "mape": [0.009357115015332257, 0.009418401288064902, 0.009315438298818724, 0.009328076933824472, 0.009419683889698294, 0.009305898275990107, 0.009272028190394847, 0.009324766862222077, 0.009310362640153398, 0.009358361634797016, 0.00944532670310321, 0.009359441433768153, 0.009377693312540833, 0.00940477068847165, 0.009372529341072069, 0.009358940421330586, 0.009505373215634398, 0.009354147265394804, 0.009421546226711935, 0.009530156816618084], "mae": [21.28772412341538, 21.43269169635507, 21.194985482104475, 21.22352978714957, 21.428495216353976, 21.172929771423323, 21.091519275462026, 21.209118736360875, 21.17718955609054, 21.286983618783154, 21.489728355806367, 21.291105688163476, 21.33132785928443, 21.392864209763324, 21.32090889702467, 21.28824743973816, 21.6247185515043, 21.28349664348851, 21.431819723311, 21.681070375915414], "mse": [677.9131080904403, 685.3629332843346, 674.5010759745749, 674.3082250382737, 686.7066501372385, 669.4737498753099, 670.5969292543911, 678.1066602035318, 677.5860061681417, 683.6499617313656, 691.07089291996, 676.4768380086459, 683.1634173948289, 683.6644753528311, 683.5312302973149, 680.6060523379209, 695.033915841929, 680.1928169364858, 690.290890275401, 702.5771553569987], "rmse": [26.036764547278917, 26.17943722245256, 25.971158541246766, 25.96744548542027, 26.2050882489878, 25.874190806193532, 25.895886338459068, 26.040481182257977, 26.030482250011076, 26.1467007810042, 26.2882272684934, 26.009168345194084, 26.137395000168414, 26.146978321649925, 26.144430196455133, 26.08842755587084, 26.36349589568745, 26.080506454754396, 26.27338749144086, 26.506172023832463]}
{"lag": 5, "time": [0.02053724924723307, 0.02448476552963257, 0.021636545658111572, 0.02311942974726359, 0.02425159215927124, 0.024717978636423745, 0.021470014254252115, 0.02443484862645467, 0.021436707178751627, 0.025161123275756835, 0.021386714776357015, 0.022466417153676352, 0.022502676645914713, 0.02573403517405192, 0.02276956637700399, 0.024051733811696372, 0.02098697026570638, 0.02496784528096517, 0.021553301811218263, 0.024151694774627686], "mape": [0.009346111350449679, 0.009279367074776394, 0.00940706014842256, 0.009368936022766842, 0.009533634100360998, 0.009413515846552844, 0.009351360217044503, 0.009461607718564477, 0.009349475377211904, 0.00941854720517697, 0.009297044803464861, 0.009387212709191278, 0.009301509659187414, 0.009278249531318243, 0.009394076092751691, 0.009401974255982003, 0.009165649487235956, 0.009317869646000551, 0.009247176195283468, 0.009479283714982124], "mae": [21.26165872156032, 21.103152095595327, 21.398039770696965, 21.314911540348984, 21.695557755825934, 21.417149133181947, 21.27499123308061, 21.520662645148434, 21.27322762452968, 21.425158939213034, 21.151217933251218, 21.354906407324975, 21.15792933820504, 21.10126107665748, 21.374301225736478, 21.385722880758205, 20.852678507843937, 21.197200254273202, 21.030017367452857, 21.56721186814541], "mse": [680.2525406929769, 670.0194344290957, 682.701226598314, 681.1508265789148, 701.542958287809, 683.2580060139633, 677.6722215054587, 696.7631544142386, 674.7012775761312, 688.7977241845952, 669.8543195470609, 683.5508320223013, 675.1664374016943, 670.9602057244241, 683.7445654385198, 682.1015525931938, 656.5768699425882, 675.204231920121, 665.8567791601822, 691.3001931788056], "rmse": [26.08165141805589, 25.884733617116783, 26.12855194223962, 26.098866384939303, 26.486656230785513, 26.13920438754713, 26.032138243053694, 26.39627160063024, 25.975012561616428, 26.244956166558847, 25.881543994651107, 26.14480506759041, 25.98396500539697, 25.902899562103546, 26.148509812961038, 26.11707396691279, 25.623755968682428, 25.98469226140885, 25.804200804523713, 26.29258817953846]}
