{"lag": 3, "num_sub_sequences": 8, "time": [0.022355059782663982, 0.023748127619425456, 0.02178646723429362, 0.023335512479146323, 0.022900855541229247, 0.02345210313796997, 0.022686028480529787, 0.024551443258921304, 0.0256673534711202, 0.02548415263493856, 0.025950555006663004, 0.02404706080754598, 0.02471797466278076, 0.028648857275644937, 0.02390183210372925, 0.02360735336939494, 0.022423271338144937, 0.024051729838053384, 0.023019055525461834, 0.0294650395711263], "mape": [0.004877644036405951, 0.0047579179072850435, 0.004842974451704251, 0.0048875185975779415, 0.004871384337908977, 0.004799835402589683, 0.005026473298518655, 0.004863673867003814, 0.0048414113729259465, 0.004891195497968229, 0.004759320916673397, 0.004813043289258295, 0.004882131335375671, 0.004943961047484882, 0.00473591453564021, 0.004986603922842, 0.0048975426837091504, 0.004847937846343758, 0.004760573748336108, 0.004830378286525073], "mae": [11.143519594696686, 10.870491398586593, 11.072264631847844, 11.158689962414428, 11.126912065591956, 10.965843585461355, 11.478680530033134, 11.105587021116333, 11.05329298616235, 11.177639226555808, 10.876689788652719, 10.991288391160166, 11.1491367121837, 11.296651328551949, 10.821512846383888, 11.393910167498644, 11.188415910556659, 11.077376360154526, 10.870485878233026, 11.022400548632012], "mse": [186.39513823978265, 185.2470389048843, 189.72387365630007, 198.8621257674141, 187.3653537939257, 187.3779281284237, 200.2255540409734, 186.4005227606302, 182.03343561662803, 196.81476166037532, 179.1893606277305, 185.59026163629085, 195.16843289235038, 196.23592331094494, 179.1640104045005, 197.32190743829406, 191.7657318637694, 189.80548484489861, 179.66523717217376, 189.73116172672667], "rmse": [13.652660482110534, 13.61054880983439, 13.774028955113318, 14.10184831032493, 13.688146470356228, 13.688605777376441, 14.150107916230654, 13.652857677447246, 13.491976712721826, 14.02906845305045, 13.386163028580315, 13.623151677798013, 13.970269607002951, 14.00842329853524, 13.385216113477604, 14.047131644513554, 13.847950457153194, 13.776991139029546, 13.40392618497184, 13.774293510983664]}
{"lag": 4, "num_sub_sequences": 8, "time": [0.022286136945088703, 0.02308567762374878, 0.0265502134958903, 0.02606714963912964, 0.028065919876098633, 0.024201611677805584, 0.021886412302652994, 0.024160345395406086, 0.021873831748962402, 0.02331886291503906, 0.024085021018981932, 0.0242965300877889, 0.02306898832321167, 0.023952452341715495, 0.02178646723429362, 0.023671841621398924, 0.02261928717295329, 0.026750048001607258, 0.02240747610727946, 0.02356866995493571], "mape": [0.004880521655984603, 0.004909451146107414, 0.004837381007747923, 0.0049028859417795615, 0.0049308572761671485, 0.004779630330087606, 0.004950959292705721, 0.0048041499889714375, 0.0047869705249602035, 0.004870120328409778, 0.004878741479039076, 0.004830179244939512, 0.0049278173330492584, 0.004862717073018301, 0.005015305329469799, 0.0047043998439490085, 0.004953606605210061, 0.0047811258064605925, 0.00481709651862975, 0.004809189949709222], "mae": [11.1489075563369, 11.206845942152302, 11.044623729314942, 11.200355800067763, 11.264970762262566, 10.922938187523421, 11.310892923304264, 10.982196824446053, 10.938827148922146, 11.121352639057582, 11.14764530603903, 11.025384408746564, 11.2527502717776, 11.116601799649274, 11.452913753417649, 10.751647720806893, 11.328975695750726, 10.927767355678728, 11.010160983273218, 10.97762208081656], "mse": [195.91568758208194, 195.62213430986597, 184.80485774303315, 186.17213247185379, 192.5809755121246, 183.67942645806212, 187.87904667072516, 186.50043458071613, 183.94395273454958, 191.85570815140758, 192.77680475494157, 181.58410231858127, 195.92887630120657, 194.4789923843886, 196.57289069377464, 179.35367228352405, 199.93981721389815, 181.93823194687673, 181.9060283557261, 181.35015648954652], "rmse": [13.996988518323574, 13.986498286199659, 13.59429504398934, 13.644490920215887, 13.877354773591566, 13.552838317417578, 13.706897777058279, 13.656516194868885, 13.562593879289816, 13.851198798349824, 13.884408693024762, 13.475314553604353, 13.997459637420162, 13.945572501134135, 14.020445452758434, 13.392298991716249, 14.140007680828825, 13.488448092604157, 13.48725429269153, 13.46663122275005]}
{"lag": 5, "num_sub_sequences": 8, "time": [0.02616709073384603, 0.025434203942616782, 0.023206313451131184, 0.02455143928527832, 0.02454150915145874, 0.024817939599355063, 0.02360203266143799, 0.024984494845072428, 0.023308980464935302, 0.025600747267405192, 0.023935139179229736, 0.024634695053100585, 0.023373746871948244, 0.025850582122802734, 0.02473464806874593, 0.02446814775466919, 0.024917844931284586, 0.02486185630162557, 0.02330218950907389, 0.02543422778447469], "mape": [0.0046706743897755735, 0.004716956234268249, 0.00489402677858904, 0.004712818762586019, 0.004641795831104938, 0.004643054127120468, 0.0047611410315711745, 0.004677969970618048, 0.004664969255693627, 0.004702011757279693, 0.004682547517791173, 0.004744340755093869, 0.004807192838949567, 0.00460369557628433, 0.004707641507063595, 0.004705937908241586, 0.004553262178477511, 0.004771355052619162, 0.004614308048763247, 0.004701341120273765], "mae": [10.66353384751178, 10.778948675906546, 11.185443055754776, 10.772047365184171, 10.606064920253406, 10.610843920738933, 10.876825783362127, 10.678754329220164, 10.646220048529178, 10.74109262059162, 10.686147530938722, 10.830011856637999, 10.970142958453431, 10.516188918299346, 10.75637693097894, 10.733491930147645, 10.395452937559996, 10.887295803498509, 10.528297676118662, 10.734393086179345], "mse": [176.15402785049378, 182.20971162905283, 195.9637920418192, 181.27131522437537, 182.13452761228203, 180.7058924971392, 183.5177114505192, 182.22256603299058, 179.93330141548296, 180.94187768119136, 175.24999801079304, 181.8421442902556, 190.8341078412804, 173.21182307306978, 187.49898490439878, 178.15725266917067, 169.68951094884164, 186.15654812988853, 178.24736275064782, 174.34464464295837], "rmse": [13.272303034910474, 13.498507755639244, 13.998706798908934, 13.463703622123274, 13.495722567253745, 13.442689183981722, 13.546870909937807, 13.498983888907734, 13.413921925204535, 13.451463774667475, 13.238202219742416, 13.4848857722361, 13.814271889653844, 13.160996279654126, 13.693026871528398, 13.34755605604152, 13.026492657229022, 13.64391982275946, 13.350931156688953, 13.203963217267699]}
