{"lag": 5, "time": [42.14257100025813, 42.21088389555613, 42.17729159593582, 42.27485378185908, 42.122199141979216, 42.313521869977315, 42.30431227286657, 42.12135862112045, 42.15861816008886, 42.32610437870026, 42.131174540519716, 42.2161555369695, 42.05537153085073, 42.443728403250375, 42.344506001472475, 42.18040697574615, 42.096764131387076, 42.07417747974396, 42.076759441693625, 42.40623288154602], "mape": [0.008574754261522282, 0.008780504373751935, 0.008635401541329272, 0.00863611564467974, 0.008736707945373137, 0.008862023444812555, 0.008719216841104436, 0.008736640642663497, 0.008773703428564376, 0.008704404318334004, 0.008939960410209623, 0.008733210841760368, 0.009024028880973192, 0.008555843997485638, 0.008727493102627553, 0.008659480118725952, 0.008686338357147636, 0.008686095101310954, 0.008693244006172553, 0.00888376300031125], "mae": [23.522503988838217, 24.08291744346621, 23.689410202455566, 23.689712200975446, 23.960483766448522, 24.31279293451311, 23.912866399955764, 23.97171107311253, 24.07777940211299, 23.875251899909998, 24.53623540291788, 23.95646538085941, 24.75606626949311, 23.469574855995198, 23.935174757194545, 23.757048403739937, 23.841494230842617, 23.825794211578412, 23.850500926589994, 24.368074593639395], "mse": [994.8679648450066, 1050.9217973964085, 985.624698049496, 995.1426357230914, 1057.3176297733576, 1069.808560840782, 1045.6756292108942, 1009.5892827499796, 1009.4636008544701, 1013.5567977541174, 1053.941343693521, 1034.3222813721204, 1087.6616058521906, 1012.0415392684015, 1041.778091088198, 1002.027552260254, 1014.1451175856614, 1033.4185994107263, 1009.6728376893547, 1057.5266780776492], "rmse": [31.541527623832785, 32.41792401429198, 31.394660342954754, 31.545881438360404, 32.51642092502429, 32.70792810376075, 32.3369081578758, 31.774034725699845, 31.772056918847262, 31.83640679715783, 32.46446278153269, 32.16088122816476, 32.97971506626749, 31.812600322331424, 32.27658735195216, 31.654818784195463, 31.845645190287186, 32.14682876133704, 31.77534952898795, 32.51963526975125]}
{"lag": 6, "time": [42.39206217527389, 42.73342854181926, 42.529396351178484, 42.60413797696432, 43.076812660694124, 42.62413119872411, 42.29190178712209, 42.55136703252792, 42.49528626203537, 42.39759127298991, 42.64764155546824, 42.2782968878746, 42.512993319829306, 42.41459985574087, 42.59822872877121, 42.398925948143, 42.427523171901704, 42.324296438694, 42.34040769735972, 42.29127515951792], "mape": [0.00848381291613873, 0.008381930853169886, 0.008613508465497195, 0.008511700657700358, 0.00879417291982403, 0.008643065950140333, 0.008790006017855775, 0.008650604688970765, 0.008620086318781644, 0.008603342165789745, 0.008579941370173831, 0.008717646998169671, 0.0084390394142558, 0.008661985415632538, 0.008512739184131176, 0.008590372478306777, 0.00884593386534364, 0.00850318655825049, 0.008439726959260391, 0.008511851978443057], "mae": [23.303645608139085, 23.0000074319363, 23.636706409263642, 23.37750091238024, 24.14357766516212, 23.723473986339595, 24.133707830238365, 23.754839014244116, 23.663454035830526, 23.61264634666446, 23.551682832050336, 23.951113732767134, 23.183745191669495, 23.773797621345548, 23.377951093053852, 23.579599073958434, 24.28677307982449, 23.34538595123295, 23.165159944725072, 23.352542003107118], "mse": [962.6720613276178, 953.2890887143246, 999.4009401329777, 968.1085071166933, 1031.84424575366, 1022.75264371384, 1041.5548377908358, 1006.5122738077771, 1019.4800837761821, 995.8053923190304, 1008.0793335606031, 998.4523632031201, 972.666533099498, 1014.854792075849, 991.0236300779358, 991.4764567954411, 1049.4906200761848, 980.1562156376987, 983.9556402413797, 988.5485298366523], "rmse": [31.026957010438807, 30.87537997684117, 31.61330321451679, 31.11444209875365, 32.12233250798671, 31.98050411913233, 32.27312872640079, 31.72557759612545, 31.929298203627685, 31.556384335329522, 31.750265094335877, 31.598296840227324, 31.187602233892523, 31.85678565197451, 31.48052779223906, 31.487719142475868, 32.39584263568683, 31.307446648324717, 31.368067206019877, 31.44119160968064]}
{"lag": 7, "time": [42.32612936894099, 42.26666849454244, 42.4886331319809, 42.7519970258077, 42.28643215099971, 42.237638878822324, 42.297729313373566, 42.25880847374598, 42.33667134046554, 42.40487582286199, 42.29922350645065, 42.41142490704854, 42.39805487791697, 42.25229608615239, 42.326140475273135, 42.48079837163289, 42.6185644030571, 42.38209025065104, 42.44540414412816, 42.37821592489878], "mape": [0.009041964305860324, 0.008883994493143654, 0.009073683892175399, 0.009070582955523135, 0.00891759015261421, 0.008896899157985, 0.008888573208400231, 0.008931433184894224, 0.009050762752459352, 0.008954709412843972, 0.008954662109541189, 0.008971959728636765, 0.00911256174469734, 0.008904843543539464, 0.008975851756332783, 0.00900705136787114, 0.008918309594923714, 0.009040760971376169, 0.008990666606358427, 0.00898452135101948], "mae": [24.804139793205287, 24.378627576303497, 24.901045989942578, 24.877777281147264, 24.47909581754211, 24.391364607763318, 24.381279887747787, 24.493283570718813, 24.83027511454824, 24.56390384194854, 24.561606228971524, 24.597298748922384, 25.004679120206855, 24.43073469038014, 24.62321540422443, 24.717281234538586, 24.462087289047286, 24.787336313438463, 24.680565167617843, 24.64296964545254], "mse": [1164.9274827937497, 1090.1581073018895, 1130.9423617301898, 1141.9581791782769, 1107.3426027295513, 1134.6697662072502, 1117.0148297729265, 1119.1148961627323, 1131.8253738552073, 1129.6810230724109, 1137.4644828089597, 1153.3622156707563, 1147.9130368941687, 1121.087662269125, 1132.3617458669078, 1122.9219006367484, 1130.8388938052317, 1170.3377096515612, 1105.4558456335624, 1132.7460314567197], "rmse": [34.131034012958786, 33.01754241765867, 33.62948649221676, 33.79287172138936, 33.27675769556811, 33.68485959904316, 33.42177179284376, 33.45317467988251, 33.64261247072241, 33.61072779742222, 33.7263173620981, 33.96118690020648, 33.88086535043296, 33.48264718132551, 33.65058314304386, 33.51002686714453, 33.627948105782956, 34.21019891277397, 33.2483961362584, 33.65629259821586]}
{"lag": 8, "time": [42.57466598351797, 42.94430957635244, 42.51251164674759, 42.75048273404439, 42.83197008371353, 42.633765669663745, 42.57354919513067, 42.648592793941496, 42.615974660714464, 42.5764032403628, 42.78049689133962, 42.5573616027832, 43.23935754299164, 42.67520482540131, 42.450985225041705, 42.51735643545786, 42.57237798770269, 42.72974250713984, 42.44349462588628, 42.416181949774426], "mape": [0.009071651156924135, 0.009171198504890198, 0.009222122251165645, 0.008997041926791226, 0.009272635904442437, 0.009129371808802984, 0.009109739245378586, 0.009176316615504299, 0.008940991652562775, 0.009194927150499107, 0.009286791538404752, 0.009175597688496526, 0.00916274570143067, 0.00921113292268421, 0.009201175726128795, 0.008773196051395737, 0.009186511658006878, 0.009111345256396168, 0.009095096051762442, 0.009012956809811595], "mae": [24.889434306859986, 25.160201601481475, 25.29815926368241, 24.67005475788119, 25.42700353116994, 25.045685707378414, 24.978419902420082, 25.163354120826753, 24.534919235330854, 25.227162628448042, 25.465579237079655, 25.17062827439313, 25.131985560131106, 25.27441198859218, 25.240691897583055, 24.058149208974882, 25.19470828227999, 24.99131149122717, 24.955722886872337, 24.72609996242527], "mse": [1174.472430318686, 1170.770177897651, 1193.7837706529513, 1160.1177748409216, 1230.7761695220286, 1168.8770451442506, 1162.8265332814087, 1216.974379170585, 1139.793699954965, 1167.0195725427982, 1205.297919347223, 1184.1211998709261, 1189.2931139404393, 1155.0379815673557, 1193.6751842215663, 1086.32381118357, 1210.3470448014382, 1178.349888727252, 1168.4038213810593, 1143.6912007490878],