{"lag": 5, "time": [4.517217799027761, 4.480305743217468, 4.478266628583272, 4.474251703421275, 4.489064574241638, 4.487455228964488, 4.460819609959921, 4.147729686896006, 4.152635192871093, 4.1572141289711, 4.15515071551005, 4.152374323209127, 4.150262900193533, 4.158720469474792, 4.158308438460032, 4.16311643520991, 4.201652284463247, 4.1525794188181555, 4.280947085221609, 4.1403447906176245], "mape": [0.007235319290169862, 0.007096851526799448, 0.007209301584459495, 0.007334707625993654, 0.007070514486846694, 0.007145730806079954, 0.007118724700811624, 0.007035080019821334, 0.0070251456261858644, 0.007053821821670156, 0.0072170672698633, 0.00727742123902626, 0.007195882242148267, 0.007081264279645571, 0.0072915335652029515, 0.007197672437189317, 0.007344648953304188, 0.007078873768363143, 0.007201985834706683, 0.007277032815680078], "mae": [19.927141742277144, 19.55863445715904, 19.871922823226452, 20.209273300588137, 19.491277675759793, 19.69309894042015, 19.626934934282307, 19.385995122909552, 19.371930258703234, 19.44684201581478, 19.892432558506734, 20.05557150347233, 19.837441202521333, 19.510786839991816, 20.09423062634469, 19.830362465202814, 20.249521439504623, 19.50791802315116, 19.856803087425234, 20.05089946222306], "mse": [623.4879640705209, 602.0637885394168, 615.3175370906318, 629.0035980216707, 598.9365708401267, 615.8146093009017, 595.3605502303528, 593.6464074754344, 586.1562787327553, 589.9502126150054, 615.8707443112221, 624.5534978172261, 597.4595372833996, 596.6314448031303, 614.8997307669827, 612.9238260480834, 626.1271705380622, 611.8760461380019, 617.4160449163259, 622.5480079020596], "rmse": [24.969740969231555, 24.536988171725902, 24.80559487475823, 25.079944139125804, 24.47318064412811, 24.81561220886766, 24.400011275209543, 24.364860095544042, 24.21066456611126, 24.288890724259215, 24.816743225315083, 24.991068360860968, 24.442985441295825, 24.426040301349097, 24.797171830008814, 24.757298440017305, 25.022533255808895, 24.73612835788984, 24.84785795428503, 24.950911965338253]}
{"lag": 6, "time": [4.172389892737071, 4.148274103800456, 4.143880546092987, 4.228483684857687, 4.150087082386017, 4.147449266910553, 4.149978959560395, 4.153371679782867, 4.220996673901876, 4.166011774539948, 4.1916382789611815, 4.145778183142344, 4.151452088356018, 4.14745229880015, 4.147515281041463, 4.152787697315216, 4.154674955209097, 4.191730984052023, 4.152579363187154, 4.15375345547994], "mape": [0.0071988740551922545, 0.0074313033331962035, 0.007160909891249983, 0.007208401624009906, 0.007153932513991502, 0.007200793083375992, 0.007127090834761783, 0.007270617891550548, 0.007275303719361097, 0.006952421894708967, 0.007096497770121997, 0.007176232891136003, 0.00706498767291294, 0.007244837506623712, 0.007182134671893386, 0.007272762457624125, 0.0072270354017652935, 0.0071749656220862525, 0.0072433032661104665, 0.007315399301430067], "mae": [19.846684384614235, 20.47907593217493, 19.738034223437317, 19.869376059293753, 19.721378207933903, 19.841727424931523, 19.636341431570052, 20.034555019271373, 20.061935639566183, 19.152991820406914, 19.557407392692568, 19.785473575711258, 19.474960291814806, 19.972640160441404, 19.787633251070982, 20.038321748805046, 19.929993555665025, 19.7800232742548, 19.97414577734471, 20.1564344945252], "mse": [623.8855611717448, 649.8878136616443, 599.5301062441185, 619.2256618455629, 597.627273441531, 625.1483596409886, 611.813330995466, 630.7753489445954, 626.449599433255, 581.1295074623409, 602.2845090524246, 599.5316698504411, 593.4182744008027, 618.6863977284463, 609.4681297025598, 619.4958389063805, 615.2934399491216, 608.0488433429771, 603.5172687655629, 616.4360058986215], "rmse": [24.97770127877553, 25.492897317912774, 24.485303883025804, 24.88424525368537, 24.446416372170603, 25.002967016756003, 24.734860642329604, 25.115241367436536, 25.028975197423787, 24.106627874141605, 24.541485469555926, 24.485335812490728, 24.360178045342828, 24.87340744104929, 24.687408322919598, 24.889673338683668, 24.805109150115054, 24.65864642154912, 24.566588464122628, 24.8281293274105]}
{"lag": 7, "time": [4.159138051668803, 4.163873191674551, 4.153249796231588, 4.156222565968831, 4.156107866764069, 4.1585829575856526, 4.155863086382548, 4.1472948551177975, 4.152538593610128, 4.150549284617106, 4.160073439280192, 4.151241874694824, 4.150249175230662, 4.148241949081421, 4.151270484924316, 4.147208106517792, 4.1576097249984745, 4.155419516563415, 4.17103849252065, 4.232684707641601], "mape": [0.007224557518483862, 0.007131720312987398, 0.007286623340005467, 0.0071411672641829614, 0.007152806312089462, 0.007199097590594594, 0.006993047719639517, 0.007156889552758042, 0.007073112870767388, 0.007044994696509766, 0.007231751686082508, 0.0071145265193127945, 0.007193510327562037, 0.00715855849413555, 0.007057883911655623, 0.007128556729566228, 0.007064312898382166, 0.007055780477313172, 0.007021355433784381, 0.007130861191916162], "mae": [19.91636024561525, 19.656085046797998, 20.094539075624944, 19.681954472780234, 19.702383501350887, 19.83688232281207, 19.26875040727853, 19.7282387737751, 19.490422368675464, 19.422889278799303, 19.931311282348634, 19.619053321450956, 19.84230286922455, 19.735967283070096, 19.46241364639998, 19.640336791443826, 19.472588991492994, 19.44533891242743, 19.3523965549469, 19.649790940713885], "mse": [613.9184576179891, 604.4207612732134, 629.5170113742358, 591.6728707755391, 592.3038568471239, 621.562100296668, 589.0728024512919, 613.8815631361646, 582.9764475116332, 592.7519935324452, 626.2890962641598, 597.918433347316, 618.2831173494458, 601.3711796804305, 591.2280985978995, 602.1665676707423, 596.1745940234995, 590.4756746711639, 596.9853008689439, 597.4404456740398], "rmse": [24.77737794073435, 24.58497023128589, 25.09017758753883, 24.32432672810368, 24.33729353989724, 24.93114719174928, 24.27082203905117, 24.7766334100532, 24.144905208172453, 24.346498588759026, 25.025768644822076, 24.452370710164608, 24.865299462291738, 24.52287054323842, 24.315182470997406, 24.539082453725573, 24.41668679455711, 24.29970523835966, 24.433282646196844, 24.44259490467491]}
{"lag": 8, "time": [4.229952347278595, 4.222960960865021, 4.157957617441813, 4.183014710744222, 4.164680580298106, 4.159889996051788, 4.162433397769928, 4.155820083618164, 4.214893162250519, 4.217725543181102, 4.154265240828196, 4.167240258057912, 4.1596457401911415, 4.179016129175822, 4.16685940027237, 4.169989315668742, 4.1583007375399275, 4.162470102310181, 4.211142595609029, 4.164895709355672], "mape": [0.007146138187616225, 0.007308301755215438, 0.007002043044021527, 0.0071520178194863756, 0.007310017491440873, 0.007234571975203362, 0.007184410812771786, 0.007127913144857579, 0.007155488415496572, 0.007100461274433576, 0.007244676688094675, 0.007204163647667493, 0.007092001475620362, 0.007255209739172724, 0.007162488080453718, 0.007249676873674884, 0.007099300088862461, 0.007080336534923224, 0.006957550231726788, 0.007202958447666954], "mae": [19.701062879681594, 20.139297662210467, 19.29613514316083, 19.706816275548935, 20.168521275043496, 19.93301753985881, 19.80238069547415, 19.640618720781802, 19.71315005762577, 19.57374455152154, 19.967374015432597, 19.854614912390716, 19.552747642827036, 19.999744657212485, 19.735476893615722, 19.985470070362098, 19.561401427817344, 19.52174762153627, 19.185506124317655, 19.847000483989724], "mse": [593.9577277751761, 633.8293426163168, 587.9051089253201, 610.9680374949317, 627.565440724359, 619.8595136736933, 624.8287303115364, 590.3227241040622, 600.172257708725, 592.6944580479442, 618.7537391978951, 617.9726710696046, 593.5865573041843, 622.1950020242222, 600.6784796597257, 612.5656632398595, 607.445526045722, 586.4800220310987, 580.5532082432441, 612.7491271595966],