{"lag": 5, "time": [42.29904371500015, 41.69166877269745], "mape": [0.0062172966810163785, 0.006166204228468541], "mae": [17.140270237666392, 17.003567032051087], "mse": [493.65793345465335, 473.54998117063485], "rmse": [22.218414287582572, 21.76120357817175]}
{"lag": 6, "time": [43.079968039194746, 41.389508255322774], "mape": [0.006237663229482774, 0.006182154295656201], "mae": [17.19651994127633, 17.04165243402718], "mse": [488.9289901489087, 480.85804239785864], "rmse": [22.11173874096989, 21.928475605884206]}
{"lag": 7, "time": [42.28395549853643, 41.95407178004583], "mape": [0.006232360160228389, 0.006311266293553474], "mae": [17.187510558744524, 17.399427138257032], "mse": [491.3570790761823, 491.7384863379144], "rmse": [22.1665757183238, 22.17517725606527]}
{"lag": 8, "time": [41.7904009103775, 41.75424371957779], "mape": [0.006147515942074108, 0.006205774478474948], "mae": [16.945458820661916, 17.12019429478647], "mse": [484.4413022173465, 490.64928959364266], "rmse": [22.01002731069061, 22.150604722978617]}
{"lag": 9, "time": [42.20096615155538, 41.97195545832316], "mape": [0.0061793329592876155, 0.006275131831080423], "mae": [17.038456718510407, 17.30460358235838], "mse": [483.50030413806286, 496.2552533020849], "rmse": [21.98864034309677, 22.276787320035286]}
{"lag": 10, "time": [42.19039906263352, 42.17234463691712], "mape": [0.006253268160731742, 0.006300965275167278], "mae": [17.241229728364942, 17.376174259901052], "mse": [501.85351415503226, 498.07263606190287], "rmse": [22.402087272284078, 22.317540994964094]}
{"lag": 11, "time": [42.377186902364095, 42.373725994428], "mape": [0.006082813742325099, 0.006183730682283259], "mae": [16.772973319482826, 17.04845165638926], "mse": [476.1187342070677, 487.95645889831053], "rmse": [21.820145146333644, 22.089736505859698]}
