{"p": 13, "q": 9, "mape": 0.031198424586127378, "mae": 89.9016503417066, "mse": 13735.664286975834, "rmse": 117.19925036865993}
