{"lag": 3, "num_sub_sequences": 13, "time": [0.925468643506368, 0.9358107884724934, 0.934608503182729, 0.9519470969835917, 0.9509932637214661, 0.9530065059661865, 0.9551991661389668, 0.9565290530522664, 0.9492897788683573, 0.9555843432744344, 0.9723889589309692, 0.943869682153066, 0.9426893313725789, 0.9307023247083028, 0.9322874784469605, 0.9347742319107055, 0.929426395893097, 0.963632607460022, 0.924624518553416, 0.9243419210116068], "mape": [0.006902369508632719, 0.006848245077618873, 0.00681273885246189, 0.006842302026490178, 0.0068272073229133775, 0.006929679325714111, 0.00678162572470727, 0.006843286729977627, 0.006887159161675294, 0.006895352834215332, 0.0068026775138562146, 0.006807251093360482, 0.006883298707159538, 0.006930785647423582, 0.007002995667230069, 0.0067934131234852905, 0.0069182190353040875, 0.006803955646533055, 0.006989713044067606, 0.006938689852360194], "mae": [19.849176014646535, 19.709191437233617, 19.596419568345077, 19.6825119589119, 19.628646732418698, 19.93428629367003, 19.51199547962761, 19.68683111052958, 19.79631308033817, 19.834976295243912, 19.565172676881794, 19.577307271624885, 19.795624688262304, 19.923610840789177, 20.139506806593904, 19.54540430593205, 19.90124771813012, 19.577264526646935, 20.09869780510903, 19.947710090117145], "mse": [680.6417557906418, 671.0617565133143, 672.0885475343289, 671.2324080558741, 676.7752472681218, 687.7647101676251, 672.0770809208238, 666.6410226616998, 688.2973351991519, 679.0791255291739, 666.0277301029746, 668.4330039306645, 681.6384921847117, 691.7315462904644, 695.8452799801181, 659.6915940139532, 687.2064592579096, 657.1393641296678, 705.4531958319529, 685.2081562355494], "rmse": [26.089111824488043, 25.904859708427573, 25.92467063502117, 25.90815331234309, 26.014904329405514, 26.22526854328903, 25.924449481538154, 25.81939237591969, 26.235421384059222, 26.05914667691891, 25.807513055367707, 25.85407132214701, 26.108207372102584, 26.300789841570623, 26.378879429955287, 25.68446211260717, 26.214623004306386, 25.63472964807056, 26.56036889487706, 26.176480975019338]}
{"lag": 4, "num_sub_sequences": 13, "time": [0.9314989844957987, 0.927457324663798, 0.9255384405454, 0.9397789080937703, 0.9282261610031128, 0.9352011640866598, 0.9379527648289998, 0.9265412131945292, 0.9267854650815328, 0.9287092288335165, 0.9276366233825684, 0.9263420065244039, 0.926923398176829, 0.9281540791193644, 0.9254729747772217, 0.9299503684043884, 0.9306110183397929, 0.9270961483319601, 0.953064771493276, 0.9555981238683064], "mape": [0.006609140909810446, 0.006718932994523522, 0.006691763548214811, 0.006673706928937436, 0.0067010082999634235, 0.006744833219806504, 0.0068301861319492166, 0.006816840503415869, 0.00664062670114755, 0.00676287076786681, 0.006838258733417845, 0.006683579361762218, 0.006715319227258947, 0.006747002771501827, 0.006749004286562835, 0.006744597269141102, 0.006768346519785591, 0.006744692152370154, 0.006676688401482161, 0.0067350326985086825], "mae": [19.060950698250455, 19.373236616005585, 19.27680281316694, 19.23732375285149, 19.322342563411713, 19.439971504426957, 19.682232722331687, 19.63415644227283, 19.134482809528986, 19.49342786773682, 19.69274075242678, 19.279223841194156, 19.357845601018276, 19.43757563743146, 19.43874374346034, 19.43256369872157, 19.514070042524338, 19.434996509120943, 19.251770153626126, 19.402985287604018], "mse": [660.981205213299, 684.6835899232589, 669.4197416246865, 650.7818721652058, 667.3108842810401, 675.6332265632965, 694.7697319041704, 691.478435451283, 653.1058601903742, 670.9278835914973, 686.2274274363621, 661.241730571437, 670.3362184040758, 669.055403049458, 667.8525468944298, 680.0782365698492, 690.2069345418432, 679.6487263030068, 667.4335351512333, 676.0226592080654], "rmse": [25.709554745527953, 26.166459254611787, 25.87314711481165, 25.510426734282706, 25.832361182846608, 25.992945707697242, 26.358485007757377, 26.29597755268442, 25.555935909106797, 25.902275645037395, 26.195942957571923, 25.71462094940225, 25.890852021593954, 25.866105293403916, 25.84284324323525, 26.078309695412567, 26.27178970953146, 26.070073385071375, 25.834735050919978, 26.00043575034975]}
{"lag": 5, "num_sub_sequences": 13, "time": [0.9579582730929057, 0.9549810886383057, 0.9540032943089803, 0.9540127118428549, 0.9518471240997315, 0.9510227918624878, 0.952390178044637, 0.9540383418401083, 0.9544946471850078, 0.9535818099975586, 0.954012668132782, 0.9550272822380066, 0.949825127919515, 0.9525201360384623, 0.9525265256563823, 0.961035943031311, 0.9944078683853149, 0.9956869085629781, 0.9988265077273051, 0.9982273658116658], "mape": [0.006894434787150815, 0.006935044182223583, 0.006851343745384374, 0.006855498760186108, 0.007018194387912528, 0.006954539175151456, 0.007024454494784876, 0.0068944495707697765, 0.0068220349077963835, 0.0067913579327328515, 0.006910839615966958, 0.006925062544753419, 0.006807599839429426, 0.006859647731513713, 0.0069611018516643405, 0.006884928304653865, 0.006877666941324992, 0.006954018816318754, 0.0068574701683897996, 0.006838783036461079], "mae": [19.876250770708726, 19.973894846988042, 19.752446348681133, 19.75791279745738, 20.245287292382564, 20.05137985700353, 20.24662954284605, 19.87007932061323, 19.659645453893656, 19.58682294408798, 19.94047075444096, 19.97356408146986, 19.6259712808679, 19.7793342027251, 20.067509423625307, 19.84251754635939, 19.82418865295124, 20.044636991235425, 19.777594285716386, 19.713607398793222], "mse": [705.9388076172266, 706.3996583294315, 690.3785387617546, 683.3938957880029, 713.1078857823667, 716.775595722778, 712.2361626359061, 704.8711094352085, 679.1434435964431, 683.5598527836386, 710.190108569409, 703.0692649014638, 683.8872599278529, 693.5882741341843, 710.6623969890047, 696.739004327534, 702.6010472414283, 711.1013837578722, 680.4536564364736, 707.1935220915136], "rmse": [26.56950898336713, 26.578180116957434, 26.27505544735833, 26.14180360625492, 26.704079946374613, 26.772665084424787, 26.68775304584307, 26.54940883400624, 26.06038072623735, 26.14497758238929, 26.649392273922665, 26.51545332257142, 26.151238210223486, 26.3360641352155, 26.65825194923712, 26.395814144055755, 26.506622705305713, 26.66648427816971, 26.085506635610386, 26.593110425287104]}
{"lag": 6, "num_sub_sequences": 13, "time": [1.0110244234402974, 1.1988598068555196, 1.2044017473856607, 1.2064844767252605, 1.207935094833374, 1.0423386295636494, 0.9954824725786845, 0.9928542097409566, 0.9944036523501079, 0.9551811257998148, 0.9248158454895019, 0.9242735306421915, 0.9248391548792522, 0.9251327435175578, 0.9350762883822124, 0.9227162758509319, 0.9223843177159627, 0.9211633721987407, 0.9199004371960958, 0.9181603948275249], "mape": [0.006770354505754672, 0.006917910405253926, 0.006886442572606376, 0.006869877888878116, 0.00679746698086592, 0.0068613767613350946, 0.006794618178543908, 0.0069384629428392765, 0.006810418248576372, 0.006813068644858091, 0.006856199420085951, 0.006961158467880691, 0.006870183957076509, 0.0070126208271146665, 0.007026512315047495, 0.006826862631959618, 0.007039427204816189, 0.006721715021462368, 0.006900033776338791, 0.00685794864051505], "mae": [19.531843845675787, 19.956559067075734, 19.87243192213123, 19.81492745957089, 19.619959892929717, 19.7939732506005, 19.608758153007834, 20.00847439232763, 19.652475370867414, 19.65973524358719, 19.780489253691364, 20.070274011656444, 19.81517316748747, 20.212990589586262, 20.262324982768387, 19.681365091692612, 20.278134471127196, 19.40836852952003, 19.881474495293944, 19.787967364717804], "mse": [681.4340417259185, 689.8444646403351, 688.7043038717202, 686.0752846220729, 685.4061390264638, 692.7787715864021, 671.6519334012243, 703.9020995124401, 683.1860829186205, 684.1520451387906, 686.3583308429285, 710.2221174992619, 689.7931501427848, 708.1831660399678, 714.0940681899101, 675.1218579958477, 735.4897312118054, 672.7352535633424, 683.8546885935133, 688.0305959012121],