{"lag": 3, "time": [0.07205610275268555, 0.07082647482554118, 0.07104055881500244, 0.0717231273651123, 0.07119301954905193, 0.07098595301310222, 0.07328700621922811, 0.07097639242808024, 0.07064673900604249, 0.07087839841842651, 0.07080844640731812, 0.07085741758346557, 0.07130625247955322, 0.07406301498413086, 0.07138213316599527, 0.07078484694163005, 0.07077220678329468, 0.07074974775314331, 0.07110888163248698, 0.07105491161346436], "mape": [0.013924979324374857, 0.013700415453647065, 0.013735046568000222, 0.01386903210329964, 0.013900174894024673, 0.013859562058611073, 0.013659403209233912, 0.013879658777696017, 0.013676982102536102, 0.013842693989819006, 0.013717815583143424, 0.013849680319626053, 0.013864908843371116, 0.013892427862134227, 0.01373280484856536, 0.013928000162539419, 0.013923960651023793, 0.01399016222957996, 0.013700552951636913, 0.013648738624920083], "mae": [39.89386076763274, 39.25844992164851, 39.35245133973552, 39.74209661883881, 39.8317356609144, 39.714263090378374, 39.14085690345944, 39.765528993733426, 39.186810267240375, 39.65986480757862, 39.29693819477822, 39.682157172519034, 39.72693516806111, 39.80479409612983, 39.3461404881334, 39.90554096649092, 39.901223077950576, 40.08568722439115, 39.251481757535466, 39.10423426090965], "mse": [2832.5207106189614, 2745.8641946657112, 2757.61878730774, 2819.364623424754, 2824.830644435539, 2805.7563856546526, 2724.247150162187, 2815.6743753572578, 2735.0566692100815, 2801.6216604362507, 2747.924011584856, 2800.584207705073, 2809.466462249614, 2825.743336073624, 2753.168303400709, 2834.7699320573324, 2839.0543559756875, 2861.866906742989, 2744.338694416406, 2725.3177413659046], "rmse": [53.22143093359067, 52.400994214477564, 52.51303445153156, 53.09768943583849, 53.1491358766588, 52.9693910258996, 52.1943210527945, 53.062928446866344, 52.297769256537904, 52.93034725406825, 52.4206448985975, 52.92054617731258, 53.00440040458541, 53.15772132130594, 52.47064230024928, 53.24255752738905, 53.282777292251644, 53.49641956937856, 52.386436168309885, 52.204575866162386]}
{"lag": 4, "time": [0.07080817619959513, 0.0706745425860087, 0.07077484130859375, 0.07075733741124471, 0.07079434394836426, 0.07317429780960083, 0.07081501881281535, 0.07116426626841227, 0.07067644993464152, 0.07055095434188843, 0.07080222765604655, 0.07550389766693115, 0.07458602984746297, 0.07210158109664917, 0.07105532884597779, 0.07195668617884318, 0.07168189684549968, 0.07178138891855876, 0.07405868768692017, 0.07086090246836345], "mape": [0.013739771819242916, 0.01380221569870475, 0.013798888908504442, 0.013766305528831969, 0.01383316384718752, 0.013712309325238942, 0.013726900540115843, 0.013769326618525911, 0.01372550837136725, 0.013780496718532887, 0.013673529850584431, 0.01382222943417835, 0.013883427987336926, 0.013742453672113015, 0.013878222127856103, 0.013674362720416975, 0.013659768151078765, 0.013756880930398584, 0.013933893586389657, 0.013708641333576127], "mae": [39.36837117987308, 39.545724852011375, 39.53569190420104, 39.44372350662845, 39.637295581371156, 39.2975375792374, 39.329398417301675, 39.452523277571366, 39.321666938831974, 39.483896660904854, 39.17542282146606, 39.601849922389555, 39.781473116616894, 39.36837113501685, 39.7609793500414, 39.16998743747299, 39.13357187523525, 39.416745147278476, 39.917145951030164, 39.27048810908081], "mse": [2753.4773489911613, 2777.5247720215493, 2780.069996921764, 2769.040666660872, 2798.6007554287116, 2746.1858789740463, 2755.102762726178, 2777.72044905584, 2754.0213755989785, 2771.963026483592, 2731.108676670683, 2793.73659810475, 2821.056814210966, 2763.2781382594662, 2817.6495962994572, 2730.5496203398993, 2732.7305956166388, 2765.939222438564, 2840.3533309383156, 2753.5595449344983], "rmse": [52.473587155741136, 52.70222739146372, 52.72636908532356, 52.62167487510134, 52.901802950643486, 52.404063573105155, 52.489072793546065, 52.70408379865682, 52.47877071348926, 52.64943519624491, 52.26001030109622, 52.855809501934125, 53.11362173878718, 52.566892035381606, 53.08153724506721, 52.25466123074476, 52.27552578039401, 52.59219735320596, 53.29496534325091, 52.47437036243978]}
{"lag": 5, "time": [0.07325113217035929, 0.07292937437693278, 0.07299887339274089, 0.0756574273109436, 0.07307791709899902, 0.0732910434405009, 0.07324647903442383, 0.07310751676559449, 0.07341049114863078, 0.07360455592473349, 0.07604695161183675, 0.07302628755569458, 0.07304051717122396, 0.07301688194274902, 0.07284656365712484, 0.07322041193644206, 0.07576199372609456, 0.07325659195582072, 0.07322261730829875, 0.07308503786722818], "mape": [0.013850562479595088, 0.013740091522971131, 0.013810722334313847, 0.013982916034974048, 0.013940769996331053, 0.013627607773127277, 0.013802576710825548, 0.013858328638649598, 0.013664257747766166, 0.013831623048584617, 0.01386716652116145, 0.013908175895932979, 0.013728010259825538, 0.013626239627923123, 0.013916220259914572, 0.013760416026011114, 0.013638453365720971, 0.013512327527577075, 0.01392492671094167, 0.01368876890392273], "mae": [39.679212954809834, 39.35664548615242, 39.571358162209954, 40.06350380720824, 39.942361939601795, 39.043059842255204, 39.55389456447555, 39.70831017127245, 39.148217032098934, 39.63099545928607, 39.73406825568087, 39.84947412893519, 39.33114883628588, 39.03835948387448, 39.876616389133986, 39.42654115935968, 39.07109299318482, 38.70811747107109, 39.90387856748597, 39.22496615655653], "mse": [2806.460999766267, 2757.1034997928878, 2793.2597958966917, 2861.8695561683285, 2844.2816692591223, 2725.0687502209844, 2778.0753222861617, 2807.727011649067, 2731.752100850364, 2799.197711957144, 2811.8453615031576, 2829.70528571724, 2754.7547400698736, 2704.7802638623534, 2831.5985149363814, 2774.6254141137933, 2710.4849036461947, 2664.544166676134, 2829.315808710685, 2730.676906686055], "rmse": [52.97604175253439, 52.50812794028071, 52.85129890453679, 53.49644433201452, 53.33180729413848, 52.202191048087094, 52.70745034894177, 52.98798931502371, 52.26616592835526, 52.90744476873877, 53.02683623886266, 53.19497425243516, 52.485757497342775, 52.00750199598471, 53.21276646573058, 52.674713232383084, 52.06231750168441, 51.61922284068343, 53.19131328244006, 52.255879159057834]}
{"lag": 6, "time": [0.07626805305480958, 0.07924492359161377, 0.0763250192006429, 0.07614669799804688, 0.07600543896357219, 0.0760539412498474, 0.07616424163182577, 0.0761912703514099, 0.07855350971221924, 0.07594834566116333, 0.07604042291641236, 0.07588698069254557, 0.07606528997421265, 0.07606907685597737, 0.07617392142613728, 0.07847813765207927, 0.07593599160512289, 0.0758798638979594, 0.07580315272013347, 0.07583338022232056], "mape": [0.013857509531615105, 0.013755017761233083, 0.013959282766635243, 0.013750865126185688, 0.013820322638148561, 0.013808599876360246, 0.013628193863973648, 0.013778226021593492, 0.013601182381250118, 0.013762100428275777, 0.01371529845065428, 0.013707605911643972, 0.013718423149064615, 0.013769941505354459, 0.013645588576742978, 0.013726308349381933, 0.01398046519843131, 0.013870249944157491, 0.013678855506970811, 0.013768524732175873], "mae": [39.70338897042053, 39.411107148570714, 39.99825462862482, 39.396868990683885, 39.596383363160946, 39.5636858731535, 39.041688812808836, 39.47397653621492, 38.961511641151716, 39.43706277746393, 39.28858134039444, 39.281730912546884, 39.30671841376119, 39.45109850080865, 39.09768173274788, 39.32627864038628, 40.05837893032108, 39.73687729626188, 39.19039312341692, 39.44589141793109], "mse": [2803.410007918523, 2761.6143386820286, 2845.983214891368, 2760.2519152180394, 2792.8609586050347, 2784.647309265383, 2711.2287975610116, 2777.668431489688, 2695.0997370628315, 2768.3292049860956, 2748.85999258735, 2746.2162919338107, 2755.179427573877, 2771.3348621338287, 2724.0145831040213, 2753.562076143796, 2856.9971004259446, 2814.36706338208, 2733.7135664934967, 2768.9470725170527],