{"lag": 3, "num_sub_sequences": 13, "time": [0.08541183869043986, 0.08217262029647827, 0.082407279809316, 0.08196359078089396, 0.08199268579483032, 0.08184049129486085, 0.08421880006790161, 0.08202594916025797, 0.08234911362330119, 0.08290197849273681, 0.08158787488937377, 0.08197478850682577, 0.08232075770696004, 0.08450636068979898, 0.0818897843360901, 0.08210910161336263, 0.08172794580459594, 0.08183266321818033, 0.08148601849873861, 0.08234626452128092], "mape": [0.006816310641552056, 0.006699323410817416, 0.0067528200564594, 0.006631373720206609, 0.006783930020619334, 0.006753159662482933, 0.006789529558942876, 0.00680093054362497, 0.006765070979577237, 0.006696312041435428, 0.006627291438445968, 0.006721067355561486, 0.00668954623204214, 0.006701442485099564, 0.006639666605880973, 0.006700796416020762, 0.006672014825011278, 0.0066536330316898495, 0.006763163753116307, 0.006951777956407771], "mae": [19.62122647159719, 19.31536414218844, 19.44501537259484, 19.120487270220128, 19.5275920660286, 19.473824712135876, 19.54996201007231, 19.58476299301863, 19.48460608200503, 19.2745427695369, 19.120621019959767, 19.3458041471887, 19.270199200383498, 19.29005872224247, 19.14654248133052, 19.296816978671263, 19.244081678904216, 19.18422366068211, 19.49717240387218, 20.01504985984914], "mse": [644.2879811229384, 634.0781926783059, 641.9843673308529, 625.8776039793896, 643.8237268165431, 655.6748767651642, 639.2293463443684, 639.489854661821, 641.3613542222042, 629.4500461044007, 637.9771684431048, 635.84828148777, 637.3088452976633, 623.7037209457627, 627.7319278859254, 630.637751106729, 643.3272134104271, 638.1755972340118, 662.7253012951663, 662.3986819226647], "rmse": [25.38282846971429, 25.18090929014093, 25.337410430642926, 25.017545922399936, 25.37368177495223, 25.606149198291494, 25.28298531313833, 25.288136638784223, 25.32511311370996, 25.088843060300743, 25.258209921589945, 25.216032231256566, 25.244976634920132, 24.97406096224166, 25.05457898041644, 25.11250188863565, 25.36389586420878, 25.262137622022642, 25.743451619687022, 25.737107100889656]}
{"lag": 4, "num_sub_sequences": 13, "time": [0.08433877229690552, 0.08465137084325154, 0.08441622654596964, 0.08449170589447022, 0.08449584245681763, 0.08672985235850016, 0.08474737803141276, 0.08484614292780558, 0.08477295637130737, 0.08476997216542562, 0.08444507519404093, 0.08476969003677368, 0.08813848892847696, 0.08468852837880453, 0.09123757680257162, 0.08484226067860921, 0.08459994792938233, 0.0846245288848877, 0.08694143692652384, 0.0850512663523356], "mape": [0.006696214359024224, 0.006856862027752746, 0.006967941335957222, 0.00691144293131911, 0.0068177201953395095, 0.006804713970893606, 0.007008551979206352, 0.0069147241420549534, 0.006717975243981614, 0.006713527895899838, 0.006807926149664338, 0.006712753004969021, 0.00681151315954203, 0.006874944927986662, 0.00696797378169769, 0.006941292718321184, 0.006792121493823117, 0.006878616328120379, 0.006844992425928081, 0.0067514386756935075], "mae": [19.315275037892977, 19.780791108205165, 20.045595954425263, 19.952172757787068, 19.644974439906523, 19.614243346371993, 20.202066540984713, 19.943566880039526, 19.394297663741746, 19.356245260878485, 19.635243879106994, 19.357568420241673, 19.661252851336872, 19.798319283017154, 20.08875562238912, 20.00558997350951, 19.613806810754085, 19.846653996272483, 19.7382299158214, 19.43210227805392], "mse": [634.6673799267433, 649.0897258489385, 672.1518876155794, 675.8681455608601, 657.4581812529575, 643.4309230871128, 686.7015259984963, 668.071547264999, 649.3930224202196, 635.4366036269273, 642.848983901658, 638.5028000765401, 663.5632267358352, 655.5484932836956, 671.0517554209739, 662.441552705662, 646.9714676461399, 653.5196599488486, 657.8387734339714, 632.496902732513], "rmse": [25.19260565973165, 25.47723936867844, 25.92589222409866, 25.997464214050954, 25.640947354825983, 25.365940216895424, 26.20499047888582, 25.847080052976953, 25.48319097798036, 25.207867891333596, 25.354466744572996, 25.268612943265012, 25.759721014324576, 25.603681244768214, 25.904666672647497, 25.737939946811245, 25.435633816481552, 25.564030588873276, 25.64836785126826, 25.149491102853613]}
{"lag": 5, "num_sub_sequences": 13, "time": [0.08899038235346476, 0.08936876058578491, 0.08924767971038819, 0.09130278825759888, 0.08902140458424886, 0.08895489374796549, 0.08898073037465414, 0.08904370069503784, 0.0889471411705017, 0.08895058234532674, 0.09167036612828573, 0.08907681703567505, 0.08906325499216715, 0.08938827912012735, 0.08902284304300943, 0.0890221873919169, 0.08911144336064657, 0.09134586254755656, 0.08933670123418172, 0.08898224830627441], "mape": [0.0067882526591039275, 0.006829568037187969, 0.006762225769632441, 0.006844177624877794, 0.006822643369920313, 0.006953551915619127, 0.0068516220887598475, 0.006768962829022486, 0.006931986393679956, 0.006851521650454926, 0.006778968747972047, 0.006799901406733547, 0.0067666631634305825, 0.006782952667158941, 0.0069162410983916785, 0.00680899403188503, 0.006893040632833373, 0.0067543702238225525, 0.006717667647017764, 0.006915795183376014], "mae": [19.579993333510526, 19.721572759335523, 19.481574361399325, 19.748884899081823, 19.685184021910974, 20.050331691380094, 19.749702383808767, 19.494669138105987, 19.990268880578995, 19.71395251184019, 19.527151910206314, 19.585039512209576, 19.515395916933056, 19.540924396061133, 19.926336205779982, 19.61710403690171, 19.85634180960091, 19.467593330670823, 19.3750725656653, 19.931745393902464], "mse": [637.4355964733612, 659.8879993460858, 648.4958377525736, 653.0520255171256, 650.7424431036773, 683.1604382411946, 645.4957846525327, 644.8155616628981, 653.5828644709097, 659.5781652485043, 642.6056868334721, 637.2042709933206, 651.0030772192982, 641.6363404956458, 669.3649301916805, 659.6353139091867, 651.6010927185922, 636.7953493658252, 637.2608493039338, 665.1685551463584], "rmse": [25.247486933819, 25.688285255074653, 25.465581433624752, 25.55488261599191, 25.50965391971591, 26.13733800985086, 25.40660907426516, 25.393218812566833, 25.565266759236245, 25.682253897360805, 25.349668377189317, 25.24290535959204, 25.514761947141466, 25.330541654209565, 25.872087859152003, 25.683366483177135, 25.526478267058152, 25.234804325887396, 25.244026012186207, 25.790861853500715]}
{"lag": 6, "num_sub_sequences": 13, "time": [0.09377702474594116, 0.09617936611175537, 0.0938598076502482, 0.09373737176259359, 0.09398953914642334, 0.09366477727890014, 0.09399420420328776, 0.09405464728673299, 0.09618337551752726, 0.0939162015914917, 0.09389894406000773, 0.09392754236857097, 0.09376609722773234, 0.09405396779378256, 0.09419325192769369, 0.09678282340367635, 0.09437385002772013, 0.09525636831919353, 0.09426126082738241, 0.09420007864634196], "mape": [0.006744007064719567, 0.0066936993711319455, 0.006906102995117153, 0.006729916535894705, 0.00680196449761452, 0.006850136098421402, 0.006811113581949698, 0.006645042983388602, 0.006717211789775437, 0.0068083039126277285, 0.006858177159749017, 0.0068426035078735315, 0.00698112122183536, 0.006797014741800603, 0.00662202370258726, 0.006702499456768125, 0.006827291453973199, 0.006776716462325304, 0.006675786297710853, 0.006742459425855773], "mae": [19.42090048633226, 19.29786649428534, 19.899315136509056, 19.388993588961597, 19.60478049080752, 19.73736260311396, 19.62342383359662, 19.177464127729667, 19.368180033485526, 19.637288482708968, 19.785620351788815, 19.73737788183466, 20.1005064313272, 19.57366447199535, 19.08910269838268, 19.302249929190626, 19.70768904995997, 19.54369067461728, 19.26420382373762, 19.424833602199868],