{"lag": 3, "num_sub_sequences": 9, "time": [0.27987626393636067, 0.2825412710507711, 0.2837072094281515, 0.2823580702145894, 0.3045109470685323, 0.2789102077484131, 0.2794598817825317, 0.2789268414179484, 0.2765616456667582, 0.28768804868062336, 0.2858725428581238, 0.27767765522003174, 0.33159418900807697, 0.3006800134976705, 0.33122478723526, 0.31908526420593264, 0.3255312442779541, 0.2853728453318278, 0.2997805833816528, 0.294017485777537], "mape": [0.007430042590313782, 0.00748940444625602, 0.007461355613781645, 0.007425745737262498, 0.007492365338782382, 0.007475044745220884, 0.007523305697371228, 0.007422923415098585, 0.00750184456931944, 0.0074024473492961635, 0.007460580038254725, 0.007448519599111654, 0.007416352305117058, 0.007394433366134579, 0.007481609374079738, 0.007507047042972818, 0.007452517254945604, 0.007512366508361289, 0.007423285760868349, 0.007434558994410322], "mae": [22.076728442745342, 22.243738346550664, 22.16303497053412, 22.058295619579955, 22.24440259658558, 22.2023560350276, 22.335688924382705, 22.042690500230993, 22.286095646689517, 21.990141943479152, 22.163822737928626, 22.129091174379436, 22.027113764083463, 21.966142416864155, 22.227880745983885, 22.29008978824455, 22.131965956733616, 22.308402800879954, 22.043270238910996, 22.083564034602247], "mse": [993.3637883046683, 1011.8383957468332, 996.4942085598618, 992.1990764148254, 1011.755728773273, 992.6727268331322, 1021.8148166177901, 990.0478492695797, 1009.363109018094, 980.9239943303487, 996.2285404371036, 995.3285541897188, 995.4690371708464, 978.8181593190764, 1016.4182263807479, 1003.2103623499949, 1015.9724304867028, 1007.8429204981603, 984.0333404746875, 983.6725370336064], "rmse": [31.5176742210568, 31.80940734667707, 31.567296503816443, 31.49919167875305, 31.808107909356586, 31.506709235226904, 31.96583827491139, 31.46502581072483, 31.770475429525664, 31.319706166092118, 31.5630882588682, 31.54882809534641, 31.551054454183404, 31.286069732695353, 31.881314690281325, 31.673496212922167, 31.874322431805556, 31.746541866763383, 31.369305705971364, 31.36355427934797]}
{"lag": 4, "num_sub_sequences": 9, "time": [0.2990310549736023, 0.33295994997024536, 0.29498356580734253, 0.2813920140266418, 0.298231561978658, 0.2994308153788249, 0.3327434420585632, 0.31891868114471433, 0.28205822706222533, 0.29183551073074343, 0.2791100740432739, 0.33977243105570476, 0.29453384478886924, 0.284456737836202, 0.28498976627985634, 0.28290773232777916, 0.3000970681508382, 0.2820249319076538, 0.2771612763404846, 0.2863889217376709], "mape": [0.007485334958335164, 0.007533975352437834, 0.007601846885485286, 0.007513380810347807, 0.0076368386318631225, 0.007474598347129529, 0.007544346604770505, 0.007551828985424641, 0.007649097225343121, 0.007538147486452742, 0.007562004699505635, 0.007563380336868414, 0.007432031077682219, 0.007593825951761119, 0.007494407907070699, 0.007612112658398547, 0.0076259851270906115, 0.007603561093683521, 0.007582589050643748, 0.007555267007557932], "mae": [22.214747895671096, 22.37025422467315, 22.561585236799985, 22.30622839235035, 22.668111686548894, 22.198476111281185, 22.404081675209458, 22.41748450063277, 22.70853111103781, 22.384492267646444, 22.444323418521066, 22.46132550517307, 22.0747763198537, 22.54600577402663, 22.25799069941494, 22.600880384889688, 22.6473809828955, 22.57378189484775, 22.520738304579528, 22.434580738155883], "mse": [1020.9950401335078, 1009.7371090866128, 1037.672429984701, 1020.2350115165672, 1066.6549165334343, 1009.1975718666837, 1041.9748770417632, 1034.8958759980374, 1072.300575637429, 1037.6143672064316, 1054.8571243579713, 1062.861608577138, 1014.071847197104, 1045.394869673897, 1037.9513938956356, 1046.409854743776, 1060.934365243144, 1059.4424430477786, 1033.7820111920985, 1036.1615175937839], "rmse": [31.953013005560333, 31.776360853417636, 32.212923338075065, 31.941117881448157, 32.65968335017096, 31.76787011851257, 32.279635639854476, 32.16979757471342, 32.746000910606305, 32.21202209123841, 32.47856407475508, 32.60155837651228, 31.844494770636636, 32.33256670408176, 32.2172530470187, 32.34825891363824, 32.57198743158212, 32.54907745309809, 32.15248063823534, 32.18946283481264]}
{"lag": 5, "num_sub_sequences": 9, "time": [0.2804758946100871, 0.2884709676106771, 0.3017127235730489, 0.29285153150558474, 0.29809828599294025, 0.2934345324834188, 0.2885375738143921, 0.3015627980232239, 0.3007799625396729, 0.2798596183458964, 0.287171745300293, 0.3141883134841919, 0.29256838162740073, 0.28424025774002076, 0.3134554147720337, 0.28525626262029014, 0.2827411611874898, 0.2981815695762634, 0.2942006826400757, 0.2804425795873006], "mape": [0.007617502024307843, 0.007568445333574448, 0.007715057702413212, 0.007581836878359307, 0.007646482837386243, 0.007644112748643724, 0.007585259979940651, 0.007597296246133778, 0.007650496350221814, 0.00752913156750205, 0.0076624084530646465, 0.00759688378570465, 0.007674329201283383, 0.007662756425600486, 0.007551126262709717, 0.007460060532061009, 0.007544284654477076, 0.00770664770167734, 0.007592966585072291, 0.007645793528211952], "mae": [22.60643065604214, 22.46992380991846, 22.902428543595214, 22.514175517934966, 22.69647898940721, 22.686932926524737, 22.519790839259855, 22.555208090890897, 22.71337866112256, 22.35998670799946, 22.754933530271508, 22.552681436661615, 22.77350076051189, 22.7334408554266, 22.4199766602508, 22.16345452874551, 22.408915176810872, 22.872453367898455, 22.53723771437965, 22.70216097251006], "mse": [1018.9644929448832, 999.996093920726, 1055.838236648098, 1017.0144136800801, 1031.2500421827199, 1011.074927856456, 1011.9510654744722, 1005.6758995311075, 1049.00857563502, 992.460613560099, 1033.725284262231, 1009.4570094079583, 1031.690047254432, 1025.3330478325288, 995.1619256785934, 969.2836864246641, 993.4105951436871, 1037.9125471483283, 1017.2331181443549, 1043.3071679188565], "rmse": [31.921223236976417, 31.622714841087348, 32.49366456169722, 31.890663424897266, 32.11308210344687, 31.797404420116685, 31.811178310060637, 31.712393468975304, 32.3884018691108, 31.50334289500241, 32.151598471339355, 31.77195318843269, 32.11993224236988, 32.02082209801193, 31.546187181315485, 31.133321159565746, 31.518416761374407, 32.21665015404811, 31.894092213830994, 32.300265756164556]}
