{"lag": 3, "time": [0.0323632558186849, 0.032046775023142494, 0.03282961845397949, 0.03374571402867635, 0.030947474638621013, 0.0312639315923055, 0.03136388858159383, 0.03889252742131551, 0.03457852602005005, 0.03164702653884888, 0.030197946230570476, 0.03139712413152059, 0.03619420528411865, 0.0329794963200887, 0.030547706286112468, 0.03173032204310099, 0.030464422702789307, 0.03166366418202718, 0.03116400639216105, 0.03484503825505574], "mape": [0.014057986906661955, 0.014089496378053816, 0.014289393730089925, 0.014142436257917761, 0.014284995061535, 0.014102524402493506, 0.01427625618244614, 0.014268283280808858, 0.01408300101674353, 0.014220142196721536, 0.01416107417816791, 0.014294797250703572, 0.014230314240495824, 0.014068702132274794, 0.014190938878335339, 0.014333424243143178, 0.014105885641735495, 0.01439888155723663, 0.014500245509599493, 0.014180093320020007], "mae": [41.59834051468153, 41.682722784734345, 42.27304182790032, 41.843487865959496, 42.25711876127072, 41.72043783286951, 42.234837972245074, 42.21039818126857, 41.67942096478504, 42.07342705583314, 41.892255475166, 42.29014046374034, 42.10093670902171, 41.61853046738508, 41.993367192710906, 42.41070389138188, 41.73082302996807, 42.60515829914772, 42.90132157115639, 41.94880289048653], "mse": [3945.8668174357495, 3972.3800892919144, 4060.015962470441, 3986.63113408144, 4065.603906562434, 3964.5039390059055, 4056.2714230788474, 4060.023715456477, 3932.2482204978105, 4038.438178127819, 3982.5161494720846, 4070.2859550809203, 4045.8281162707453, 3935.396891844469, 4001.0747411295624, 4140.753787839478, 3959.4347826704134, 4157.555442348611, 4174.576489251028, 4006.2823563458396], "rmse": [62.816135008736005, 63.02682039649402, 63.71825454664025, 63.139774580540276, 63.76208831713743, 62.96430686512721, 63.688864199943524, 63.718315384640206, 62.70764084621435, 63.54870713183565, 63.10717985674914, 63.79879273999564, 63.60682444730868, 62.732741784848436, 63.2540492073793, 64.34868909184924, 62.924039783459655, 64.47910857284405, 64.61096260891821, 63.29520010510939]}
{"lag": 4, "time": [0.030014701684316, 0.03409549792607625, 0.03084752957026164, 0.03178028265635172, 0.03424542744954427, 0.040391592184702556, 0.060828912258148196, 0.04667102893193563, 0.03287957906723023, 0.03487834135691325, 0.03554460604985555, 0.035577917098999025, 0.030031327406565347, 0.031080687046051027, 0.029764842987060548, 0.03439531326293945, 0.04294000466664632, 0.040108442306518555, 0.043822785218556724, 0.037360115845998125], "mape": [0.014102068959634497, 0.014018018048614205, 0.014064268441600962, 0.014185062054492737, 0.014158129289011567, 0.014332162597925448, 0.013953421529149522, 0.014199069668704711, 0.014034842588839334, 0.014132539944000018, 0.014235017003123535, 0.014241415579056694, 0.014163367522246588, 0.014325657485693564, 0.014239072947809371, 0.014321266226395043, 0.014340341748594717, 0.014154070610335643, 0.01412144544247821, 0.014172991934695274], "mae": [41.72517302165055, 41.47705872620549, 41.60205108466262, 41.97205812481842, 41.88507721359092, 42.39248959677476, 41.27427097183026, 42.01042334942835, 41.5207737649282, 41.81480313711898, 42.1100452535091, 42.12739352909984, 41.90807503166162, 42.38997152206498, 42.12757488799147, 42.37106332072894, 42.428853537738796, 41.87610978818137, 41.78056764221898, 41.93200212951989], "mse": [3964.352027318441, 3935.877370595348, 3944.5975185500356, 3988.616013283199, 3994.6722319791556, 4125.201196722835, 3887.9951683722766, 3992.0605810875913, 3942.508993273227, 3988.535022513398, 4044.5534383043973, 4052.5985579024205, 4011.8363702925526, 4093.40194968771, 4050.094959855405, 4103.4260926706465, 4112.357412573169, 3993.628517075061, 3993.773437180592, 4007.225121549798], "rmse": [62.96310052180119, 62.736571237160774, 62.806030909061874, 63.15549076116184, 63.203419464291294, 64.22772918858985, 62.35379032883468, 63.182755409111365, 62.789401918422726, 63.15484955657323, 63.5968036799366, 63.66002323202859, 63.33905880491557, 63.97969951232742, 63.64035637750157, 64.05799007673161, 64.12766495494101, 63.19516213346605, 63.19630873065761, 63.302647034304954]}
{"lag": 5, "time": [0.03401223023732503, 0.0337957223256429, 0.04528855880101522, 0.05325026512145996, 0.03489497502644857, 0.03497823476791382, 0.032113397121429445, 0.03307949304580689, 0.02958163817723592, 0.03069760004679362, 0.031463789939880374, 0.03546129862467448, 0.0364773432413737, 0.03304615418116252, 0.031180636088053385, 0.031247246265411376, 0.029614941279093424, 0.036177571614583334, 0.03226331075032552, 0.033212717374165854], "mape": [0.014056269908855633, 0.014429758401104309, 0.014211455597179649, 0.014205358986516049, 0.013983934831810147, 0.013994147585589797, 0.01419784523827918, 0.014101860088502807, 0.014151732144060824, 0.014230601976646315, 0.014035638973357141, 0.014073964981148376, 0.014207792657719225, 0.014066420705351041, 0.014102338350626962, 0.014169625077423585, 0.014176549982926504, 0.014095253871995853, 0.014158889752881088, 0.014152302821665836], "mae": [41.57558794888309, 42.67933099015486, 42.049710193850665, 42.02394729915215, 41.377135070840126, 41.40999083775827, 42.00699830199535, 41.711554360621356, 41.86486500744806, 42.106087274640835, 41.52528703956527, 41.6313019181462, 42.04365377202288, 41.60998040662455, 41.72807573733914, 41.92322649081849, 41.94887489038812, 41.696481999145774, 41.894431906816045, 41.875461972698474], "mse": [3969.793118518468, 4158.155462675432, 4029.8513804162894, 4031.7245204810474, 3865.3416425370724, 3890.499656877668, 4035.584067649785, 3982.693881148517, 3975.740815265351, 4053.0283555057235, 3942.8115285691583, 3930.115505985173, 4033.902287716917, 3930.899896345608, 3982.2744985599024, 3971.3143418719214, 3986.8265839976693, 3976.4203715395697, 3985.0084819349854, 3953.224994237021], "rmse": [63.006294276988456, 64.4837612323865, 63.4811104220483, 63.495862231180446, 62.171871795347066, 62.37386998477542, 63.526247076698816, 63.10858801421972, 63.05347583809596, 63.663398868625634, 62.791810999278866, 62.69063331938172, 63.513008806991, 62.69688904838587, 63.10526522058126, 63.01836511582891, 63.141322317462354, 63.058864337534416, 63.12692358997851, 62.87467689171071]}
