{"lag": 3, "num_sub_sequences": 9, "time": [0.03267969290415446, 0.03522813320159912, 0.03379568656285604, 0.036094292004903154, 0.03354585568110148, 0.03489497502644857, 0.03317937850952148, 0.03461187283198039, 0.03516147534052531, 0.03514484961827596, 0.03324600060780843, 0.03476176261901855, 0.0350948691368103, 0.03694372574488322, 0.03467847506205241, 0.03501158157984416, 0.03327933549880981, 0.03521145184834798, 0.03386228481928508, 0.03484503428141276], "mape": [0.0071262497402949845, 0.007385007860973711, 0.007533371816025088, 0.007356807561480005, 0.0075981940300041085, 0.007283287592770941, 0.0070323736310791704, 0.0071393383533804484, 0.007393930993308398, 0.007194843967483959, 0.007538691688922131, 0.007274716616343803, 0.007674874765535411, 0.007368722541888945, 0.007312276773748187, 0.00721939522240783, 0.007523832361639432, 0.007561138521832155, 0.007252637569032603, 0.007214797753493219], "mae": [21.1706898494933, 21.956247807042445, 22.367827019783803, 21.838716057310002, 22.602240372533565, 21.614345618314907, 20.87762919474691, 21.197161849183157, 21.937860163741636, 21.38328263774594, 22.408050531171785, 21.62707962723244, 22.82071465097486, 21.86923688567039, 21.713522789468843, 21.454826244754713, 22.36878744641984, 22.4680697074626, 21.552879869647043, 21.406918105666303], "mse": [948.8560308488657, 962.5698782907165, 1000.3141276122594, 988.8105902492089, 1034.99633782242, 977.6710198466694, 937.7610832226303, 960.7167731071091, 1022.7214652083636, 952.2299869340135, 1007.5798688243954, 965.2098802890205, 1037.3014348025529, 998.1098105378073, 995.1976846134046, 971.3255771662814, 1023.5865571358298, 1027.5544750758145, 986.132565760127, 982.9778619924904], "rmse": [30.80350679466326, 31.025310285164217, 31.627743005346737, 31.445358802996807, 32.17135896760378, 31.267731287169994, 30.622884959171145, 30.995431487674264, 31.980016654285276, 30.858223975692663, 31.742398599103932, 31.067827093136405, 32.207164339670655, 31.59287594597566, 31.546753947330377, 31.166096598167076, 31.993539303050387, 32.05549056052355, 31.402747742198088, 31.352477764803382]}
{"lag": 4, "num_sub_sequences": 9, "time": [0.03437863190968831, 0.04002516269683838, 0.038559373219807944, 0.03667725324630737, 0.03431204557418823, 0.03629413445790609, 0.03835955858230591, 0.04257355928421021, 0.05388320287068685, 0.0445390264193217, 0.03406217892964681, 0.0396588126818339, 0.03677713473637899, 0.03502827088038127, 0.03339592615763346, 0.03937557140986125, 0.03347921371459961, 0.037676592667897545, 0.03652731974919637, 0.035594562689463295], "mape": [0.007369566094286486, 0.007542998173662387, 0.007332109548985676, 0.007442884722375608, 0.007397326223185678, 0.007558818579469264, 0.007516222569315537, 0.007806814851162068, 0.0074848273076164274, 0.00736272655418044, 0.007505371421291713, 0.008061499257017646, 0.007608808603568944, 0.007497019800703814, 0.00739921156035266, 0.007734309612829518, 0.00785781759808264, 0.00762333351753562, 0.007537530943992231, 0.007493641092388229], "mae": [21.869787629240747, 22.37898675092831, 21.756457720037115, 22.07211830713293, 21.958901238717498, 22.419982430074807, 22.272204196144852, 23.190244256086263, 22.227085825825604, 21.854304487611426, 22.26230521454779, 23.909793047819637, 22.570594025134074, 22.233866586834534, 21.971973055460314, 22.964190852605576, 23.365317182770813, 22.61162986612368, 22.368721591962554, 22.235315821124665], "mse": [988.0079189040521, 1019.7157991735073, 974.6287296744523, 1011.3691424386637, 996.1228074459973, 1041.4867707251499, 1040.9567595110038, 1074.1697341644817, 1037.5527305703547, 1004.0993218432187, 1045.3392794637646, 1142.9886323797073, 1054.5873060546476, 1025.298838715968, 965.2019852461092, 1075.8302045643875, 1049.5125666688516, 1054.9158681684055, 1015.8387357678527, 1011.7172905200697], "rmse": [31.43259325770071, 31.93298919884431, 31.219044342747782, 31.802030476663965, 31.561413267564514, 32.27207416211654, 32.26386150960551, 32.774528740539985, 32.21106534361064, 31.687526281538904, 32.33170702984555, 33.80811488947154, 32.4744100185769, 32.02028792368938, 31.067700031481397, 32.799850678995284, 32.39618135936474, 32.479468409572306, 31.872225146165317, 31.807503682622905]}
{"lag": 5, "num_sub_sequences": 9, "time": [0.0341287891070048, 0.035494649410247804, 0.03824297587076823, 0.03999183575312296, 0.037560009956359865, 0.03857606649398804, 0.03637741804122925, 0.0354280153910319, 0.03386232852935791, 0.03521145184834798, 0.033579123020172116, 0.036977064609527585, 0.03377904097239177, 0.03561121622721354, 0.03429538011550903, 0.0377598762512207, 0.03427872657775879, 0.034695112705230714, 0.03839283386866252, 0.037826510270436604], "mape": [0.00756666984882091, 0.00748064717773263, 0.007685679606243123, 0.007538970934997754, 0.007345802108547315, 0.007247267051223973, 0.00728883498538772, 0.007614120062796518, 0.007683256216110352, 0.007858131902301354, 0.007369229438437558, 0.0074250193497119215, 0.007707348845764831, 0.007554377065033115, 0.0076164123009448935, 0.007631777966444257, 0.007372712351342635, 0.007513620836200667, 0.0074139555113413545, 0.007548068687754102], "mae": [22.491701333806706, 22.230477383150216, 22.813403462790426, 22.401419791390634, 21.81897704893653, 21.55567964466961, 21.70761440651908, 22.655644040892355, 22.830627749342053, 23.353353123335022, 21.86671175623794, 22.02405163867978, 22.898343014129303, 22.407283822571287, 22.632583801072457, 22.69748862375207, 21.887022268632112, 22.33661324176982, 22.029492591593463, 22.429583769395325], "mse": [1083.6169638183612, 1057.3565602810138, 1088.983599925697, 1089.0303361297103, 996.6192788988498, 982.3627397651649, 1039.5625510700943, 1122.7261650531393, 1113.5684345820453, 1118.6094988276234, 1026.7213640263185, 1096.8689346570702, 1145.6274677285767, 1123.7913429486082, 1076.3305123070575, 1063.2215573480435, 1027.7225001985819, 1081.262833827232, 1035.8527450194906, 1072.6209625312426], "rmse": [32.918337804609166, 32.51701954793849, 32.999751513090175, 33.00045963512797, 31.5692774529106, 31.342666443127726, 32.242247922098954, 33.50710618739164, 33.37017282817165, 33.4456200245656, 32.04249309941907, 33.119011679956124, 33.84711904621391, 33.52299722501865, 32.807476469656386, 32.607078331982514, 32.0581113011759, 32.882561241898905, 32.18466630275185, 32.75089254556649]}
