{"p": 14, "q": 9, "mape": 0.03322764772739594, "mae": 96.98870423583986, "mse": 17112.4014326776, "rmse": 130.8143777750657}
