{"lag": 5, "time": [51.98869040409724, 50.19648935397466, 51.10416467587153, 53.01061290502548, 53.799752259254454, 52.832211776574454, 50.75728866656621, 50.24852745532989, 53.69418917894363, 52.78648955821991, 53.0764034430186, 49.87965388695399, 49.74418392181396, 51.36393124262492, 50.86911199092865, 51.462824098269145, 51.658324221769966, 49.88410962025325, 49.93726054827372, 50.78651628891627], "mape": [0.017346263255557957, 0.017748320749922393, 0.017942980309581188, 0.017980989114060358, 0.018073499950385437, 0.017537134955088726, 0.01770148045373142, 0.01746153988686849, 0.017379192222941976, 0.017415761079877957, 0.017558611138784822, 0.017610532509163314, 0.0175053380445206, 0.01781181212777658, 0.017448698211821684, 0.017753927284207202, 0.016864344638921672, 0.01745767775310814, 0.017555384422217945, 0.01773899821761371], "mae": [50.703607157562246, 51.827170578117354, 52.428932500953664, 52.50000435866926, 52.77791983084867, 51.16497439014434, 51.643373252029406, 50.97799125947569, 50.736818894912695, 50.8015119110298, 51.30189556079099, 51.42489018785475, 51.101057382698045, 52.0434129868698, 50.9704784703445, 51.86667470218654, 49.21691719331358, 50.9214542766113, 51.20728873210142, 51.75261340029142], "mse": [4947.564024270225, 5124.152320482131, 5147.11925207265, 5246.6388787766255, 5404.2761770559855, 4934.616351328408, 5059.130708553184, 5142.5504393957035, 4935.67159416335, 4754.843199063468, 5086.6539373615005, 5010.0409030883775, 4939.082775927335, 5127.690785415601, 4982.5269927121835, 5212.400961367154, 4672.768332340532, 4884.3234137620975, 5111.891900367365, 5061.214832417066], "rmse": [70.33892254129448, 71.58318462098575, 71.74342654259448, 72.43368607751938, 73.51378222521261, 70.24682449284386, 71.12756644616196, 71.7115781404628, 70.25433505601879, 68.95537106754968, 71.32078194580805, 70.78164241587206, 70.27860823840591, 71.60789611080331, 70.58701716825966, 72.19695950223357, 68.35765013764393, 69.88793467947166, 71.49749576291022, 71.14221554335418]}
{"lag": 6, "time": [50.75834786097209, 53.820507709185286, 54.28338893254598, 54.761444465319315, 54.01883757909139, 50.32126833200455, 49.80640676816304, 52.50107106765111, 53.91581013202667, 52.3720174630483, 51.65715530713399, 53.34912565946579, 53.958809498945875, 50.49545824130376, 52.542853979269665, 50.04578605890274, 49.926823286215466, 51.13370707432429, 51.4094820022583, 50.85780305862427], "mape": [0.01708942430748113, 0.01761688294638471, 0.017471203314124207, 0.017029182021912018, 0.01775392999461656, 0.017697083299163127, 0.01723060232803901, 0.017121289892061665, 0.017590350546044714, 0.017382818221385293, 0.017439108303852424, 0.017123137357190746, 0.017252809194193107, 0.01746953279803757, 0.01771736329024427, 0.0175364871883789, 0.01738380805494507, 0.01762287944040456, 0.017131058718049225, 0.017399818365584702], "mae": [49.87787428619381, 51.42514674404142, 51.060287567520106, 49.67269582005306, 51.914488263366664, 51.689390127449016, 50.31901392721936, 49.99707579137798, 51.33628711225506, 50.78393484982297, 50.96769481205746, 49.96203789474484, 50.358808643432596, 51.07349786715696, 51.72821443187712, 51.16473457360073, 50.78941541823194, 51.463998712810486, 49.993707867439255, 50.856261434791534], "mse": [4803.985940654066, 5057.544883670953, 4848.945111672919, 4772.002982991831, 5166.877648229181, 5002.7118222754325, 4798.162797664898, 4571.748107868503, 4940.811127291266, 4938.318986416809, 5008.385050058426, 4699.953663721917, 4893.736162707324, 5015.76190305133, 4997.558437258389, 4937.29884066937, 5021.797684626257, 5124.39071912197, 4700.339036246887, 5041.47998274751], "rmse": [69.31079238224063, 71.11641782085873, 69.63436731724443, 69.07968574763373, 71.88099643319632, 70.72985099853832, 69.26877216801881, 67.61470334083042, 70.29090358852464, 70.27317401695194, 70.76994453903737, 68.55620806113708, 69.95524399719669, 70.82204390619724, 70.69341155481456, 70.26591521263613, 70.86464340294289, 71.58484978766086, 68.55901863538368, 71.00338007973642]}
{"lag": 7, "time": [54.25922903219859, 50.87408107121785, 51.38169731696447, 51.20684814453125, 53.660775291919705, 50.83907298644384, 51.29925391276677, 50.497365764776866, 52.05073365767797, 49.58637948830923, 49.77011287212372, 51.53501875003179, 50.12688120603561, 50.86703694661458, 51.88709281682968, 53.01728137334188, 54.16821896235148, 50.93355153799057, 53.1034535129865, 50.113956634203596], "mape": [0.017114319202263216, 0.017480826346522683, 0.017564111464728072, 0.017581482414748474, 0.017653617490615194, 0.017523909365957973, 0.01736651227853489, 0.017578438874236487, 0.017424406743323847, 0.01760220163374159, 0.01733628872089829, 0.016960593198185568, 0.017447349454700965, 0.01745903408048437, 0.017467633088769693, 0.016864100061687596, 0.017519452248995763, 0.017485188856404398, 0.017056239165151296, 0.016953084398284583], "mae": [50.04166692974087, 51.11924793178175, 51.361937668342556, 51.40299919152066, 51.58364952804562, 51.242481257263165, 50.7851083061981, 51.4038428547363, 50.91963994743343, 51.49635251545712, 50.6316276374664, 49.54871933200834, 50.91254378052517, 51.032001662273366, 51.01451485874172, 49.286102869529685, 51.193874597785914, 51.09869646983335, 49.88453796627041, 49.51616058567045], "mse": [4856.485030653884, 4983.600949159587, 4969.497431892499, 4975.717696904974, 5212.143820727516, 5087.459059248638, 4961.091438596346, 5108.554986188307, 4915.719154764692, 5031.493771892268, 4893.819614861393, 4740.635865543802, 5039.5757343593505, 4969.748851110565, 4987.640286759003, 4795.251648786443, 4979.293887872827, 4975.116002022361, 4807.045560744991, 4813.152250394053], "rmse": [69.68848563897686, 70.59462408115498, 70.49466243548159, 70.53876733332511, 72.19517865292333, 71.32642609333962, 70.43501571375097, 71.47415607188593, 70.11218977299662, 70.93302314079295, 69.95584046283336, 68.85227567440165, 70.98996925171436, 70.49644566295925, 70.62322767163083, 69.2477555505335, 70.56411189742862, 70.53450221006993, 69.33286061273537, 69.37688556280149]}
{"lag": 8, "time": [53.37606490850449, 51.120235387484236, 52.32669381300608, 50.065512271722156, 51.11341645717621, 52.50126300255457, 52.10190994739533, 52.958004673322044, 52.47462123632431, 52.358573921521504, 51.65154288212458, 50.636945855617526, 53.5453940987587, 50.839303040504454, 50.073865822951, 51.81094802618027, 51.14451575279236, 49.747981282075244, 50.50263530810674, 53.2241375207901], "mape": [0.01720357400432153, 0.016889482959083248, 0.017478146964176704, 0.01739443200231483, 0.017079207657997066, 0.017316552989982165, 0.017573193511739266, 0.01769043493322367, 0.01733349210246621, 0.01743703130051245, 0.0171318403465797, 0.01723501143731445, 0.017232616457246178, 0.01697348978029468, 0.01711113874813276, 0.017419612646019805, 0.017404264373527878, 0.017290530766024693, 0.0171054339566965, 0.01738126514098033], "mae": [50.24688412213131, 49.350042062042206, 51.123109786529504, 50.79026003601071, 49.862813212890586, 50.63065303804394, 51.38913310074612, 51.64942562097164, 50.632036496723146, 50.92089736679075, 50.04037884735867, 50.37727631005094, 50.285188869560216, 49.60980678581998, 50.01680459739681, 50.90768281006619, 50.78010334643171, 50.4508285810928, 49.97156864853664, 50.80847906136319], "mse": [5009.325693922601, 4706.946499001711, 4943.528228464059, 4933.070939791042, 4760.015627918171, 4795.1317757788565, 4981.9680392736955, 4999.612119582998, 4922.821681206635, 4930.741380010433, 4789.987173851671, 4682.307113026117, 4925.747117663919, 4942.085871802174, 4696.723056279226, 4922.362015818137, 4949.962721993201, 4854.1736717034955, 4847.002218024316, 4863.475285236327],