{"lag": 5, "time": [0.07277143796284993, 0.07151035865147909, 0.07142890691757202, 0.07129146655400594, 0.07152030467987061, 0.07147084474563599, 0.07383293708165486, 0.07164072593053182, 0.0717545747756958, 0.07166463534037272, 0.07177306413650512, 0.07149175802866618, 0.07140471537907918, 0.07384599844614664, 0.07210945288340251, 0.0718803882598877, 0.07182594140370686, 0.07146119276682536, 0.07174911101659139, 0.0716897964477539], "mape": [0.01512286478949747, 0.015489437755265033, 0.015496407058605065, 0.015144181079686134, 0.015330636752250566, 0.015192624848021719, 0.01537621165559331, 0.015351887547279577, 0.015295760812710935, 0.01516430476134705, 0.015488209153332412, 0.01534310769421314, 0.014984885965351054, 0.015161435902587572, 0.015456394508039505, 0.015321532853216578, 0.0153342992179181, 0.015221769173006139, 0.01514171687388784, 0.015413666132910791], "mae": [43.97760223091479, 45.05462609962459, 45.080311465420685, 44.043652380807714, 44.59304817544265, 44.19017381305846, 44.73468517498012, 44.65942740158077, 44.49654404258254, 44.10839949118944, 45.06982665971752, 44.630978662240935, 43.57395971792789, 44.10224325717326, 44.953086228826, 44.56830204383369, 44.61223028168913, 44.26860829222055, 44.048303430833776, 44.842148989596325], "mse": [3780.0819738256378, 3917.370249406639, 3967.7425091791806, 3761.5216276061624, 3884.4514566959588, 3798.0147977162974, 3872.529394721161, 3866.9993096112717, 3814.4805207996556, 3774.724130947795, 3890.5077437324817, 3871.2172874846974, 3703.706666918224, 3784.2453077481723, 3927.2958918008385, 3842.010631068453, 3867.0670091866823, 3837.0284880733975, 3754.3975409857153, 3904.70817234468], "rmse": [61.482371244330174, 62.58889877132077, 62.990019123502265, 61.33124511703771, 62.325367681995736, 61.62803580933192, 62.22965044672163, 62.185201693097945, 61.761480882501964, 61.43878360569808, 62.37393481040363, 62.2191070932772, 60.858086290305124, 61.516219875315585, 62.66814096333829, 61.98395462592277, 62.18574602902728, 61.94375261536386, 61.27313882106674, 62.48766416137412]}
{"lag": 6, "time": [0.07178941170374552, 0.0718154231707255, 0.07153109312057496, 0.07129820982615152, 0.07149853706359863, 0.07437990506490072, 0.07182849248250325, 0.07170808712641398, 0.0717894196510315, 0.07175609668095907, 0.07147039175033569, 0.07169157266616821, 0.07419243653615316, 0.07141100565592448, 0.07140082120895386, 0.07169738213221231, 0.07154622077941894, 0.07134949763615926, 0.07148069143295288, 0.07441567579905192], "mape": [0.015487573843580798, 0.015525632369465536, 0.015403232574836558, 0.015273451159288886, 0.015191383254919977, 0.015199509401609433, 0.014987397769266933, 0.015287990220136605, 0.015400018070351464, 0.01553228178376938, 0.015531593011814475, 0.015752170664122565, 0.015652407693472363, 0.015474332394460161, 0.015450437707318266, 0.015215238639709354, 0.015381135403623467, 0.015232626017187468, 0.015260149293954821, 0.015688453615125095], "mae": [45.05946389214035, 45.17199868396755, 44.80743982837434, 44.42279790299984, 44.18055745080944, 44.21097477215381, 43.57434991764875, 44.47260937646862, 44.80141730801101, 45.1853079213285, 45.1871308465385, 45.83210365222735, 45.5392534981751, 45.0194981058025, 44.94756586807819, 44.24636021331783, 44.74932221890326, 44.301814490117984, 44.38047532067533, 45.660997399994095], "mse": [3909.0623762674677, 3948.7343637888057, 3892.7940362669256, 3833.5267680994216, 3785.9677616498902, 3800.4855568311013, 3757.3853080481813, 3834.012088707322, 3873.6858642302777, 3938.214188050067, 3938.9216249322844, 4081.425841217511, 4011.441774520826, 3926.9922251589805, 3907.5862435809267, 3822.6875509470738, 3881.283088098822, 3817.649816277855, 3839.322613198925, 3985.052545431352], "rmse": [62.522494961953235, 62.838955782132516, 62.392259425884916, 61.91548084364218, 61.530218280531805, 61.64807828984697, 61.29751469715703, 61.91939993820452, 62.23894170236411, 62.75519251862803, 62.76082874637878, 63.88603792079699, 63.335943780138194, 62.6657181013589, 62.51068903460373, 61.82788651528591, 62.29994452725317, 61.78713309644537, 61.96226765700982, 63.12727259617155]}
{"lag": 7, "time": [0.07187800804773967, 0.07169153292973836, 0.07187542915344239, 0.07162471612294515, 0.07421102126439412, 0.07177826563517252, 0.07161540587743123, 0.07169748147328694, 0.07151724497477213, 0.0714432954788208, 0.07162179152170817, 0.07407179673512777, 0.07160806655883789, 0.07169663111368815, 0.07160007953643799, 0.0715230663617452, 0.0715924580891927, 0.0736761490503947, 0.0715506911277771, 0.07152874072392781], "mape": [0.015076173962252802, 0.01550440715540272, 0.015227192653223032, 0.015000551248574266, 0.015278728778478818, 0.015397532870306832, 0.015368449316251396, 0.015447114741916259, 0.015396300941514254, 0.015376715186394337, 0.015430137345440954, 0.015580175841664368, 0.015428163845125015, 0.015408115416760695, 0.01521382317688783, 0.015295415084498686, 0.015260688818559685, 0.015565194604576388, 0.015323254760748846, 0.015337366185543716], "mae": [43.84530190723987, 45.116238010086974, 44.29108099483784, 43.61673098937507, 44.44976296142574, 44.78463931039806, 44.70801087216373, 44.93451010153528, 44.779269499191, 44.727934368112045, 44.896925826826056, 45.333004920043905, 44.87966349662181, 44.818648468413315, 44.25809165135856, 44.489911439874135, 44.39201906816002, 45.29101859764095, 44.56845355705257, 44.61754756287571], "mse": [3782.781288227205, 3913.0064210942182, 3795.241749080489, 3727.8036512685253, 3825.8842784995227, 3906.253906633143, 3887.913726533605, 3915.3592866758395, 3886.265885860611, 3872.6411583664276, 3861.498042226986, 3943.139933466639, 3899.473692013298, 3885.419745593055, 3806.6937115934707, 3848.9334406458165, 3821.8991633705086, 3929.8662888734425, 3843.9904440622545, 3842.5912151441935], "rmse": [61.50431926480615, 62.554028016541174, 61.60553342907185, 61.05574216458699, 61.85373293908398, 62.50003125305733, 62.353137262960594, 62.5728318575709, 62.33992208738002, 62.230548433759026, 62.140953019944796, 62.79442597449744, 62.445766005497106, 62.33313521388969, 61.69840931169515, 62.03977305443514, 61.821510523203074, 62.688645613647154, 61.99992293593803, 61.988637790680585]}
{"lag": 8, "time": [0.07164901494979858, 0.07148216168085735, 0.07159987688064576, 0.07411903540293376, 0.07166614929835001, 0.07158376773198445, 0.0721031387646993, 0.0717938502629598, 0.07176496187845866, 0.0743088682492574, 0.07191402117411295, 0.07178818782170614, 0.07156741221745809, 0.0714950442314148, 0.07151075998942057, 0.071602729956309, 0.07459248304367065, 0.07214481830596924, 0.07179471254348754, 0.0718534231185913], "mape": [0.015363574541268254, 0.015332771936470053, 0.015343170170222716, 0.015296805415161388, 0.015284211134182317, 0.015477204624732607, 0.01544708440417158, 0.015311790312564537, 0.015557084480610973, 0.015140323959956549, 0.01517700928382055, 0.015137937949400439, 0.015417006518468541, 0.015150246830070636, 0.01527816494334571, 0.015175845095303935, 0.01543606703947952, 0.015468438806958036, 0.015135680293905822, 0.015496487872636446], "mae": [44.69785585182758, 44.58894068316456, 44.635451614289, 44.495078784980734, 44.44441912249561, 45.03241136864658, 44.92495896370049, 44.541643465318636, 45.26319065375755, 44.03544618445488, 44.13861566561313, 44.02663816186639, 44.84920758203502, 44.068310480275116, 44.44695865825649, 44.14029792235132, 44.89459933892723, 45.00097316431852, 44.01941458152575, 45.078452450790365], "mse": [3890.8100946326213, 3866.14803073497, 3866.0307312075283, 3845.099885634505, 3826.947643384582, 3910.828050854532, 3878.754672560789, 3839.999825060657, 3940.905437628038, 3803.999542255561, 3794.421189275861, 3817.903911144082, 3896.4520781382957, 3769.3297182426263, 3797.7054925663556, 3758.4957376462226, 3897.0590407996933, 3908.8043193921644, 3795.159780645265, 3942.65836638382],