{"lag": 5, "time": [5.583299767971039, 5.584537108739217, 5.592852938175201, 5.5970359722773235, 5.598715476195017, 5.594899944464365, 5.597653726736705, 5.586503144105276, 5.595427393913269, 5.592033720016479, 5.611624693870544, 5.614974788824717, 5.61850198507309, 5.607609387238821, 5.608848408857981, 5.60948158899943, 5.609866817792256, 5.594806766510009, 5.607471299171448, 5.613782203197479], "mape": [0.016395399261032485, 0.01733979885043545, 0.016159536016175327, 0.016481648088495685, 0.01701372962016362, 0.01680072573062988, 0.016448207462007723, 0.0171044254898687, 0.016754355283905207, 0.01596304516896127, 0.016493938921972096, 0.01659604008227754, 0.016490485127711965, 0.016518584072534388, 0.01693562572199199, 0.016904168564182254, 0.016711200215937447, 0.01656739313849811, 0.016703771573666645, 0.01640878611072232], "mae": [47.88399595932006, 50.52427126840591, 47.18898308622359, 48.08629447076418, 49.683988428867806, 49.08476164207553, 48.026053100589046, 49.91324926844406, 48.92468652055358, 46.54760449586486, 48.11863834218025, 48.44700973004793, 48.06392563150023, 48.1514070513513, 49.36687397352028, 49.40027231809442, 48.789593968846795, 48.22892847363596, 48.731090319910045, 47.8708931927452], "mse": [4296.328636837304, 4442.366687417298, 4271.543222621673, 4232.675560730077, 4335.102640670401, 4323.693517990632, 4185.926225810022, 4451.049279243353, 4315.085507794109, 4081.1668068371714, 4391.916458314179, 4166.831868982718, 4150.083868883377, 4129.490391508235, 4098.578271615874, 4383.624004375952, 4212.70034270572, 4174.730457487047, 4230.388126569416, 4079.305458046796], "rmse": [65.54638538346187, 66.65108166727153, 65.3570441698649, 65.05901598341369, 65.841496342887, 65.75479844080303, 64.6987343447306, 66.71618453751199, 65.6893104530266, 63.884010572577324, 66.271535807722, 64.5510020757441, 64.42114457911609, 64.26111103543289, 64.02013957822861, 66.20894202731193, 64.90531829292358, 64.61215410034745, 65.0414339215351, 63.86944072126197]}
{"lag": 6, "time": [5.601414966583252, 5.600191577275594, 5.6573500792185465, 5.8958484649658205, 6.0007310310999555, 6.007356560230255, 6.041135903199514, 6.023319152990977, 5.779013280073801, 5.774066273371378, 5.777014418443044, 5.79131144285202, 5.7919511795043945, 5.77459979057312, 5.775325036048889, 5.784838291009267, 5.92735215028127, 5.747511108716329, 5.604455777009329, 5.582633018493652], "mape": [0.016404069984627064, 0.01630671513239677, 0.016621082436939386, 0.016758566374218065, 0.016492010673484502, 0.01623337030496433, 0.016487985138600524, 0.01716115022403882, 0.016821175279997876, 0.016506186334505516, 0.016730499512251952, 0.016586463933177743, 0.016047634909775326, 0.01720036697517713, 0.0167164047863026, 0.01626739324909938, 0.01647926933990286, 0.016666138907117843, 0.01676008000346042, 0.01708506203448997], "mae": [47.98293474327088, 47.59088206520843, 48.40158936426734, 48.914139807082165, 48.1074113945732, 47.335411776975626, 48.12359244064331, 50.146902145900725, 49.12898087219238, 48.02304584494018, 48.83929084018707, 48.40419294825363, 46.608290303209294, 50.15528891703797, 48.779890192455994, 47.45475746618841, 48.05302260181618, 48.571581861681686, 48.965567014392846, 49.934246819825646], "mse": [4240.372444803733, 4141.779258819999, 4353.541471274862, 4361.497437530296, 4197.6998261433355, 3981.8169076767917, 4208.953237786987, 4476.395404679023, 4414.132367322378, 4081.199562207134, 4577.508328148019, 4353.535550992183, 3992.2112697964353, 4467.818885979179, 4167.507046073372, 3968.3642233858677, 4136.630152198972, 4190.81375879219, 4303.865330885334, 4501.771825311084], "rmse": [65.1181422094007, 64.35665667838875, 65.98137215362273, 66.04163412219822, 64.78965832710755, 63.101639500703875, 64.87644593985546, 66.90586973262528, 66.43893713269635, 63.88426693801169, 67.65728584674395, 65.98132729031892, 63.1839478807429, 66.8417450847835, 64.55623165948715, 62.99495395177195, 64.31663977695797, 64.7364947984689, 65.60385149429364, 67.0952444314132]}
{"lag": 7, "time": [5.5955273071924845, 5.5996987620989485, 5.615417913595835, 5.6078587929407755, 5.606167650222778, 5.595439287026723, 5.622641718387603, 5.585905385017395, 5.612853761514028, 5.612966032822927, 5.649342703819275, 5.634939384460449, 5.629704503218333, 5.639248530069987, 5.62771623134613, 5.7117524663607275, 5.598170439402263, 5.5923819065094, 5.607910362879435, 5.586040083567301], "mape": [0.016747794137085964, 0.017117293895273625, 0.017014006573111605, 0.016563408940208045, 0.016320526255865525, 0.016435842505144512, 0.016675208160400166, 0.01688920702502357, 0.01660124427974626, 0.016462184675031924, 0.01726766046750424, 0.015610812036882167, 0.01727811389368454, 0.016537187572089697, 0.01573261022496477, 0.01650148668326835, 0.01616375013136454, 0.017364704611351423, 0.016700924006154975, 0.01687617198446689], "mae": [48.87611774668002, 49.910770256080625, 49.68014948569928, 48.27834483937263, 47.619078373726836, 47.9581788556099, 48.7083382426815, 49.335692279792774, 48.45022560552453, 48.11446620182037, 50.404366364933004, 45.50173298506165, 50.42110230824662, 48.1584302159462, 45.86678628845216, 48.18946550118445, 47.088420745588294, 50.67429139301871, 48.68160956726169, 49.25423181227016], "mse": [4391.744041079588, 4390.117190636575, 4399.956633802128, 4139.286233220827, 4070.922163677293, 4384.49576581588, 4101.861153447376, 4481.156122271527, 4335.974376692351, 4190.868195610075, 4447.091188917835, 3781.1669655102532, 4618.236639745661, 4019.2019480319495, 3993.071686181735, 4064.9270105551427, 4068.1699493731453, 4670.860526185083, 4204.165363592012, 4584.519603075473], "rmse": [66.27023495566911, 66.25795945119782, 66.33216892128681, 64.33728493821313, 63.80377860030935, 66.21552511168268, 64.04577389217322, 66.94143800570411, 65.84811596919346, 64.73691524632662, 66.68651429575425, 61.49119421112468, 67.95760913794467, 63.397176183422786, 63.190756334939806, 63.756780114393656, 63.782207153509084, 68.34369412158728, 64.83953549796615, 67.7090806544844]}
{"lag": 8, "time": [5.607291706403097, 5.6433309674263, 5.596606942017873, 5.574063595136007, 5.576720702648163, 5.586457018057505, 5.580063843727112, 5.578900547822316, 5.615173280239105, 6.01450606584549, 6.005799214045207, 6.0695075790087385, 6.020845834414164, 6.0106768131256105, 5.952778601646424, 5.948394397894542, 6.0062458952267965, 6.060393500328064, 6.018343309561412, 6.020306758085886], "mape": [0.016386500452930337, 0.016546203648057044, 0.01644580986466072, 0.016354529534626235, 0.016700021443268435, 0.01656303617088738, 0.01714257798718038, 0.0164035187405322, 0.016705986034018846, 0.016301786817197253, 0.017095863207967146, 0.01606775677688812, 0.01637255047158886, 0.016212451975413045, 0.017852797805512112, 0.016837260529584643, 0.017351020645098855, 0.01614141144409232, 0.016602395152319982, 0.01702248302712524], "mae": [47.74534289554595, 48.40548665037918, 48.08872837892341, 47.66129845329319, 48.64450123445034, 48.36419069514369, 50.03490893069459, 47.806810812862395, 48.70449048794889, 47.493302010166396, 49.913097014881124, 46.9196138791809, 47.77334057436084, 47.2829827811451, 52.10606660173033, 49.25540846065377, 50.67791148767709, 47.120869215043065, 48.46417227462768, 49.77594743125629], "mse": [4242.364299980389, 4447.452079254738, 4182.722875940724, 4015.0095589047314, 4124.962190066578, 4305.949536467817, 4457.315216003937, 4130.043241030651, 4357.170198985536, 4376.2654806328965, 4366.987467444621, 4184.868823983043, 4134.387343339221, 3969.683027647011, 4717.576275791473, 4330.629779004645, 4715.876397784705, 4094.2640552205676, 4311.714108326821, 4677.21782637377],