{"p": 14, "q": 2, "mape": 0.009355347113425571, "mae": 25.908879944707806, "mse": 1043.7922123196686, "rmse": 32.30777324916821}
