{"lag": 5, "time": [42.056974200407666, 41.95591913461685, 41.78662945429484, 43.1875214378039, 42.47420036792755, 41.63731824159622, 41.64066516955693, 41.63207393487294, 41.61823040644328, 41.65051711002986, 41.686445748806, 41.73399798075358, 41.66536130507787, 41.593295113245645, 41.727221914132436, 41.47801127831141, 41.54143783251445, 41.89193454583486, 41.60136781930923, 41.572612098852794], "mape": [0.010687954709609832, 0.01014255124867979, 0.010471206775449025, 0.01033497760788965, 0.010523689926846467, 0.010583678147628707, 0.01073962789912981, 0.010555029099218205, 0.010517816571796696, 0.010628599194153763, 0.010639933107828592, 0.01059896607762767, 0.010666401051386791, 0.010489154561615102, 0.010678097589895783, 0.010551152520635418, 0.010671091814980226, 0.010654788541812045, 0.010555474153598206, 0.010578793392372405], "mae": [29.247955363655127, 27.757051089048435, 28.664999577665366, 28.284428060913125, 28.799016056537674, 28.96744289960865, 29.411919978880924, 28.880131698179284, 28.781367207193416, 29.088877988123933, 29.12019931011204, 29.00771239461903, 29.192808518767396, 28.69745483613018, 29.221689758873016, 28.875472193717997, 29.21685731258396, 29.159554894065895, 28.880817321705855, 28.94333853273396], "mse": [1421.2844027408762, 1285.3395195437163, 1323.8801545102997, 1326.8592589796003, 1358.218361604115, 1360.8430791926876, 1385.3603885106663, 1384.0225461612056, 1343.3980738047414, 1373.5400300560786, 1382.8638294054304, 1373.0949061955396, 1377.9268231460744, 1367.9814045812082, 1409.4525484544613, 1380.9755552152756, 1388.7720854167792, 1401.336069775611, 1370.2075527495153, 1391.3237357905446], "rmse": [37.69992576572103, 35.85163203459106, 36.385163934085824, 36.4260793797466, 36.85401418575886, 36.88960665543464, 37.22042971958634, 37.20245349652635, 36.65239519874167, 37.061300976302476, 37.186877112839554, 37.055295251765834, 37.12043673161826, 36.98623263568768, 37.54267636243401, 37.16147945407012, 37.266232509025905, 37.434423593473575, 37.01631468352185, 37.30045221965204]}
{"lag": 6, "time": [41.78329530954361, 41.73376729885737, 41.873782857259116, 41.72615662813187, 41.69153707027435, 41.72439651886622, 41.70758675734202, 41.98663900295893, 41.76837579409281, 42.05343127648036, 41.732022913297016, 41.751408453782396, 42.0878492196401, 41.841194840272266, 41.817663884162904, 42.117241319020586, 41.81336733500163, 41.82047652006149, 42.06461275815964, 41.84700200955073], "mape": [0.010565163833617471, 0.010698203950769671, 0.010889232332692423, 0.0105717925136409, 0.010811545057565517, 0.010692860532235764, 0.010457592709043093, 0.010661900327964918, 0.010691802694624313, 0.010777679683029935, 0.01048475470687315, 0.01050087740172096, 0.010615494106093437, 0.010469159239181259, 0.01081943441608068, 0.010809986688690492, 0.010664976826103886, 0.010631551977355902, 0.010551558120598081, 0.010487385175812318], "mae": [28.91222704546455, 29.267555274057433, 29.805655804538766, 28.92377833075527, 29.57964032974247, 29.26177558412555, 28.627980437302632, 29.174323113727606, 29.26324338617329, 29.499647456932106, 28.678445726060907, 28.719347623252908, 29.057629982101954, 28.660127000236553, 29.62102337751392, 29.572772808933294, 29.190206658291846, 29.094773143005405, 28.862827250194588, 28.70194568061832], "mse": [1384.3252849554112, 1376.3517768065492, 1455.5659996646632, 1380.0670498930585, 1434.8946113979807, 1398.4757838704945, 1362.3479292697057, 1390.2228449986387, 1400.1352676417653, 1441.8278228042298, 1395.8984374246802, 1381.248745305022, 1371.4157709875726, 1340.2324483992475, 1400.1369490855113, 1473.1853895878935, 1390.7495323429287, 1391.6526586182163, 1381.2213978773443, 1346.5401897270476], "rmse": [37.20652207550998, 37.09921531254467, 38.151880683193895, 37.149253692275686, 37.88000279036395, 37.39620012608894, 36.909997687208076, 37.28569222903926, 37.418381413975744, 37.97140796447018, 37.36172422981413, 37.165154988308906, 37.03263116479266, 36.60918530094937, 37.41840388212078, 38.38209725364018, 37.29275442150833, 37.30486105882471, 37.164787068908986, 36.69523388298605]}
{"lag": 7, "time": [42.08770886262258, 42.0788582166036, 41.829781333605446, 41.85144850413005, 42.136201934019724, 41.985266069571175, 41.970030919710794, 42.11527964671453, 42.016225357850395, 42.59712202946345, 42.218623320261635, 42.41408345301946, 41.90485376516978, 41.86319890419642, 41.86365755001704, 41.91340129772822, 41.92534067630768, 41.82753517230352, 41.90245410998662, 42.27352904081344], "mape": [0.010616513950399871, 0.010638994506848269, 0.010522508521545054, 0.010690924849129322, 0.01077208237467025, 0.01070628228779997, 0.01048872156240151, 0.01060616984924372, 0.010697543845490147, 0.010548817248898612, 0.01077561048611681, 0.01074956115865038, 0.010816827018903262, 0.010770515234690192, 0.010908450887335688, 0.010597649892139334, 0.010628694287297362, 0.010886629319852873, 0.01077559858679188, 0.01070087439994996], "mae": [29.01398720445637, 29.11320817413334, 28.797678761577643, 29.244256549739877, 29.46653723149304, 29.29004161350731, 28.692330966091195, 29.012936221456567, 29.26531505551342, 28.866188160800974, 29.487751144933736, 29.41018531255726, 29.60236425709727, 29.463566765475317, 29.856700557136573, 28.996656739807168, 29.094464808034935, 29.794931718444857, 29.488342734241524, 29.276567360115095], "mse": [1437.5168141160261, 1402.1579551024543, 1361.8022049466047, 1413.7499484519797, 1431.1307380902263, 1405.6778251991848, 1376.227588381793, 1395.1743399227205, 1403.6161546902626, 1359.0554517754551, 1422.4724000096696, 1433.001503082065, 1420.091752716411, 1428.8826355785716, 1449.2926652480614, 1396.216574999466, 1364.283628776726, 1413.1630784783504, 1441.3118013237672, 1417.3749688898374], "rmse": [37.91459895760505, 37.44539965205946, 36.902604311167586, 37.59986633556002, 37.83028863345119, 37.492370226476545, 37.09754154094033, 37.35203260764694, 37.46486560352596, 36.86536927490969, 37.715678437616226, 37.85500631464833, 37.68410477530826, 37.800563958472516, 38.0695766360497, 37.365981520622015, 36.93621026549321, 37.5920613757526, 37.964612487470056, 37.64804070452853]}
{"lag": 8, "time": [43.1431054631869, 43.1172101855278, 43.12817032734553, 43.11356168985367, 43.309529542922974, 43.12155969540278, 43.02741945584615, 43.028984959920244, 42.98049238920212, 42.893360237280525, 41.93042823076248, 42.04826369682948, 41.895927266279855, 41.94807629187902, 42.079762081305184, 42.0112366437912, 42.14903666178385, 41.89705728292465, 41.97908900181452, 41.95809686581294], "mape": [0.010614313350890412, 0.010726110103589708, 0.010814342512935044, 0.011060568859862703, 0.010757423345152258, 0.010511165250755112, 0.010718744724196674, 0.011021692807585455, 0.010834553604509385, 0.010631492928781914, 0.010740833897260044, 0.010887382097650769, 0.010613617515861172, 0.010537142609982281, 0.010833885985187473, 0.010763018631843957, 0.010562407202960032, 0.010837250948298262, 0.010689131098769827, 0.010752617783660164], "mae": [29.049146714496654, 29.343642537879987, 29.59274686100487, 30.24583744107489, 29.445544857215918, 28.74348187704685, 29.342399394500298, 30.150529281425516, 29.63295769045357, 29.08211646883492, 29.37905252246861, 29.774771108913445, 29.023702380752603, 28.829735786676448, 29.64277581958775, 29.441104937362706, 28.89055912318234, 29.65776230225567, 29.22534042162899, 29.395837896537813], "mse": [1358.3705984550497, 1428.8749452305958, 1430.1975182288913, 1526.7135734960996, 1438.2013904171833, 1395.4722345520242, 1379.2127286147845, 1487.3193561141763, 1466.2809938020885, 1412.7768026448487, 1434.6634660580353, 1488.3600964571117, 1430.020960988251, 1355.575684529144, 1428.4158826972503, 1430.0165879496244, 1373.6458833298614, 1413.7520050439634, 1424.4185785785312, 1448.4613830442115],