{"lag": 5, "time": [0.08282118638356527, 0.06775540510813395, 0.06835140387217203, 0.06933182875315348, 0.06894207795461019, 0.06848552227020263, 0.07070014079411825, 0.06764058272043864, 0.06754928429921468, 0.06766341924667359, 0.067696479956309, 0.06774104038874308, 0.06760895252227783, 0.07004807790120443, 0.06725279092788697, 0.06741654475529989, 0.0674227515856425, 0.06752092043558756, 0.0674572745958964, 0.10507856210072836], "mape": [0.00818826586807593, 0.008226349919651247, 0.008180643372640866, 0.008170305940904841, 0.008207610908816682, 0.008331441201418856, 0.008183326398273499, 0.00815089079770788, 0.008257119245633143, 0.008257837785102968, 0.008263398406593396, 0.008220202815699766, 0.00827746233170874, 0.00821943214564489, 0.008161447874072338, 0.008108438511135385, 0.008231436670507129, 0.008232365380417085, 0.00819160611769175, 0.00830320800040037], "mae": [22.563045787811298, 22.666133872270603, 22.541450645256063, 22.512228220701235, 22.6155047827244, 22.95769449038211, 22.548139237689995, 22.45992443680765, 22.750538401532193, 22.752761078405403, 22.767876619625113, 22.65078604691031, 22.80712168388369, 22.646714554953597, 22.488960312831423, 22.342123791205903, 22.680372473001498, 22.682425115108508, 22.570903010892888, 22.87750571310522], "mse": [802.2548196878352, 813.9584737016822, 802.1811141302542, 799.5460219670481, 810.9486818067287, 829.6228331574046, 805.7568067359003, 797.9034078828254, 818.8741343787193, 817.9964665519885, 820.1176430970878, 812.4564505501378, 821.4605406837588, 811.5969872214406, 798.521228549174, 790.8593901053176, 812.4892537127947, 813.2959495114825, 806.7062415284364, 826.2626127259109], "rmse": [28.32410315769654, 28.529957478091028, 28.322802017636853, 28.276244834967887, 28.477160704795146, 28.803174011858562, 28.38585575134032, 28.247184069971034, 28.615976907642334, 28.600637520027217, 28.637696190460012, 28.503621709357176, 28.66113292742907, 28.48854133193626, 28.258117922982308, 28.122222353599966, 28.50419712450773, 28.518344087823234, 28.402574558100124, 28.74478409600446]}
{"lag": 6, "time": [0.06705002387364706, 0.06700926224390666, 0.0669462243715922, 0.06707259019215901, 0.0695624033610026, 0.06715153058369955, 0.06711037953694661, 0.06702192227045695, 0.06701305309931437, 0.06710720459620158, 0.06936029195785523, 0.06707175970077514, 0.0670002261797587, 0.06708277066548665, 0.06700344880421956, 0.06699788570404053, 0.06783384084701538, 0.06950138807296753, 0.06698609193166097, 0.06708206335703532], "mape": [0.00819195026465351, 0.008161371091125604, 0.00812579335901154, 0.008207451531491496, 0.008088965946264978, 0.008201370320332324, 0.008331217746985592, 0.00822346589805562, 0.008084198121894242, 0.008176682029913965, 0.008397665958748891, 0.008241451905666193, 0.008123547422917337, 0.007940011964096012, 0.008374488992058424, 0.008168820825652363, 0.008226933492449937, 0.008185676552351447, 0.008174353368949703, 0.008211402904734606], "mae": [22.571849976110478, 22.48838040225508, 22.38970302515032, 22.614540538418314, 22.288872025835534, 22.597808837223074, 22.954012386727353, 22.6600049867511, 22.278245969343207, 22.530365192294138, 23.13813352696898, 22.70868279271128, 22.385059498477002, 21.8797011154175, 23.07474391251804, 22.508813652992266, 22.668880039453526, 22.55459071852567, 22.524147904515285, 22.62688073091509], "mse": [808.2081762283782, 800.1233114781696, 793.082903203805, 807.8256199313207, 786.8703210421187, 810.5384408479712, 834.9738437915014, 811.0417112144737, 785.8133010652326, 802.8210083751278, 843.8841372571696, 816.8422080037876, 791.4438412872533, 760.3279732983539, 838.3490994284485, 800.1248441389101, 811.7839069248372, 804.4751300618392, 803.8992104423359, 809.6904963807397], "rmse": [28.429002378352607, 28.28645102302814, 28.161727631731065, 28.422273306885934, 28.05120890518123, 28.469956811487634, 28.89591396359529, 28.478794061801032, 28.03236167477212, 28.334096215957334, 29.049683944187237, 28.580451501048536, 28.132611703986058, 27.57404528353346, 28.954258744240864, 28.28647811479736, 28.491821755107853, 28.363270792731914, 28.353116414996357, 28.45506099766331]}
{"lag": 7, "time": [0.06726886431376139, 0.06958394447962443, 0.06712389787038167, 0.06724546750386556, 0.06726136604944864, 0.06723078489303588, 0.06705422004063924, 0.06718833049138387, 0.06948165893554688, 0.06721179882685344, 0.0673270304997762, 0.06705832878748576, 0.06690953572591146, 0.06699565251668295, 0.06919117371241251, 0.06702524423599243, 0.06714868148167928, 0.0669196883837382, 0.06701767047246297, 0.06697938044865927], "mape": [0.008306175125513847, 0.008213334667811805, 0.00819587402336918, 0.008058261264860783, 0.008185342287132228, 0.008228415731589101, 0.008218611349993087, 0.008167391926717036, 0.008212809523883015, 0.00829934089702663, 0.008235982345714286, 0.008216478942400763, 0.008119113093497228, 0.008257201880090789, 0.008308410290382245, 0.008251790414660804, 0.008218409557339773, 0.00832893452220506, 0.00820295200353878, 0.008284436822905998], "mae": [22.886159649419806, 22.632115607261674, 22.581852541494392, 22.206870634853857, 22.555029309916517, 22.6717984008074, 22.64556581668856, 22.5054192954302, 22.62950764596464, 22.86591591768267, 22.69315416872503, 22.63887930982115, 22.371168474555034, 22.74999550037386, 22.892442894506477, 22.736725361943265, 22.644868081438563, 22.948866813778896, 22.60222174577715, 22.82618962340357], "mse": [828.9472806579595, 806.64609139761, 806.4054272330163, 780.2893582923266, 804.829191916421, 809.6746233618535, 810.9405960549963, 799.209590142824, 810.348712676339, 825.6276733372705, 815.9317416112627, 809.1985304038016, 790.8531754890814, 822.0342604415197, 825.3974924007427, 816.174130163248, 810.9121598331127, 834.380257475252, 807.3419958326382, 826.6540434501862], "rmse": [28.791444574004263, 28.40151565317615, 28.397278518073108, 27.93365995161262, 28.36951166157819, 28.454782082487533, 28.477018735376713, 28.27029519023146, 28.466624539561042, 28.73373754556254, 28.564518928405967, 28.446415071214187, 28.122111860404107, 28.67113985249836, 28.729731853965202, 28.568761439083215, 28.476519447311546, 28.885641025867024, 28.413764196822605, 28.75159201592472]}
{"lag": 8, "time": [0.06925948063532511, 0.06910358270009359, 0.06911742687225342, 0.06890455087025961, 0.0690367857615153, 0.07152247031529745, 0.06907984018325805, 0.06873350938161214, 0.06894447406133015, 0.06888044277826945, 0.06888785362243652, 0.06889925003051758, 0.0716382344563802, 0.06891843875249228, 0.06904200712839763, 0.06909463405609131, 0.06905034383138021, 0.06907707452774048, 0.06907918453216552, 0.07163227001825968], "mape": [0.008141505889946965, 0.008155963909594256, 0.008147807757610297, 0.008228517147958723, 0.008360518547941266, 0.008141200501130801, 0.008287141970865693, 0.00821555810912368, 0.008242654517902097, 0.008283084565193877, 0.008217262295754707, 0.008075636660672124, 0.008162631061051612, 0.008182824381520506, 0.0081541266154299, 0.00823507125830499, 0.008222556169037188, 0.008268223229256341, 0.008194035681930573, 0.008117828862444937], "mae": [22.432795079278968, 22.474729362356683, 22.450699032101056, 22.67332425236704, 23.034710287451762, 22.433053442540785, 22.833349423635028, 22.63933765053751, 22.709773952293418, 22.822478133440036, 22.640857002067587, 22.251799480843566, 22.49193435125353, 22.54692029051783, 22.467458721923848, 22.690256699323673, 22.65736250579359, 22.78216813325884, 22.57679657332899, 22.369005032110234], "mse": [797.0673291774714, 798.6033959184067, 797.0763564604207, 809.9086824034586, 840.8269374746583, 795.4128536672578, 825.276265623127, 805.5738601158556, 816.0168222534578, 822.0682956311398, 809.4377738341692, 784.9030501056749, 797.4196774131699, 802.9875119321115, 799.1553312658938, 815.1607172012663, 812.5422894205565, 820.6261506575984, 806.5776723754639, 792.5453203463253],