{"lag": 5, "time": [4.320421048005422, 4.3168616652488705, 4.315675791104635, 4.312018330891927, 4.31835249265035, 4.347167499860128, 4.31951592763265, 4.321864906946818, 4.457075504461924, 4.312922402222951, 4.324073859055837, 4.34122234582901, 4.311806583404541, 4.386863307158152, 4.307489947477976, 4.366417042414347, 4.310464413960775, 4.319522233804067, 4.310506161053976, 4.3288240194320675], "mape": [0.00976993886841061, 0.009597139295319641, 0.0096817355220748, 0.009668700831244376, 0.009586390834855893, 0.009529378375899239, 0.009566636627759811, 0.009291074000624802, 0.009509814789143785, 0.009448233770359207, 0.009729480545455058, 0.009633685524860587, 0.009581097592853442, 0.009550833510567784, 0.00945021464964473, 0.009789070914753121, 0.009680951042759758, 0.009465411959299645, 0.00985495640411245, 0.009614186410170852], "mae": [26.82042116236693, 26.355345485925735, 26.571460722279607, 26.568560112166452, 26.319718182659198, 26.160316272354176, 26.241107802736806, 25.50313489315515, 26.103097477531502, 25.96238501483207, 26.71525562410359, 26.43264844703679, 26.31381366868025, 26.215219668579156, 25.919553027486835, 26.886012504020364, 26.592339922666596, 26.001703131651922, 27.043556057262467, 26.401712040329038], "mse": [1156.5725741841063, 1114.8813366705901, 1189.0301608839054, 1087.8249185025438, 1138.3948184871551, 1118.778822251144, 1135.358095378365, 1044.9829104554324, 1105.5930739553116, 1101.0743054925501, 1126.8748772871563, 1134.1773295092219, 1100.2990601880038, 1122.1704033255521, 1099.9367780805849, 1156.1470662538622, 1138.7707857327516, 1087.079113167321, 1158.5991188770972, 1149.3513621893069], "rmse": [34.00841916620216, 33.389838823668946, 34.48231664032893, 32.98219092938709, 33.74010697207635, 33.44815125311329, 33.69507523924476, 32.32619542190872, 33.250459755547915, 33.18243971579773, 33.56895704795066, 33.67754933942228, 33.17075609913051, 33.49881196886767, 33.1652947835623, 34.00216267024588, 33.74567803041971, 32.97088280843146, 34.03820087603188, 33.90208492392919]}
{"lag": 6, "time": [4.299360112349192, 4.30382802883784, 4.302618964513143, 4.312195519606273, 4.319162905216217, 4.308598168691, 4.309261703491211, 4.306864841779073, 4.298908189932505, 4.311822438240052, 4.310906267166137, 4.308485706647237, 4.302694670359293, 4.308187262217204, 4.306008219718933, 4.305620948473613, 4.303150375684102, 4.322882914543152, 4.314418574174245, 4.304666074117025], "mape": [0.009348427644611978, 0.009354113126244538, 0.009251802242305871, 0.009745870604450826, 0.010042217650582245, 0.00981979306725527, 0.009435964119907386, 0.009398264775914524, 0.009580856231384218, 0.009710551260519486, 0.00930172565291039, 0.009473284464984678, 0.009540197696209106, 0.009551946769326148, 0.009833090810290903, 0.00905619842376312, 0.009252730885763253, 0.009610338330634557, 0.009469121845557142, 0.00953330373326666], "mae": [25.681227166938825, 25.65088933484558, 25.386538812190356, 26.76406256494527, 27.570142261695928, 26.962721295189912, 25.891886520576534, 25.8234344399572, 26.320026446199464, 26.672004498434127, 25.558626916450283, 26.00732036194806, 26.20197075586324, 26.22967749242787, 26.971031382846867, 24.8446219944537, 25.424743344676553, 26.388557669735, 25.997489255189958, 26.173764431524322], "mse": [1056.4423751420968, 1078.1561794662762, 1076.1429412999414, 1126.097583975204, 1222.2332585872737, 1151.3462546539467, 1097.8958375467946, 1048.787433665078, 1097.2397636861963, 1125.2284341831246, 1039.1807850280538, 1084.2565770538654, 1065.626679683935, 1114.2759298014391, 1203.4919928132908, 1059.6309110926206, 1053.3961487411327, 1125.1285992098456, 1043.8615721026968, 1098.6756445876113], "rmse": [32.502959482823975, 32.835288630774606, 32.80461768257544, 33.5573774895358, 34.9604527800667, 33.93149355177203, 33.13451127671562, 32.384987782382716, 33.12460963824625, 33.54442478539652, 32.23632710201418, 32.92805152227908, 32.64393787036017, 33.380771857484646, 34.69138211160361, 32.551972460860505, 32.456064899200776, 33.54293665154924, 32.30884665386087, 33.14627648149353]}
{"lag": 7, "time": [4.3252140283584595, 4.361318385601043, 4.314672696590423, 4.310373020172119, 4.314820146560669, 4.330222181479136, 4.296125340461731, 4.310152339935303, 4.311554650465648, 4.3134677648544315, 4.323743414878845, 4.3106718301773075, 4.338771597544352, 4.317820882797241, 4.313826851050059, 4.3120047132174175, 4.337487721443177, 4.317050758997599, 4.310695326328277, 4.306405043601989], "mape": [0.009234538987531595, 0.009901977654052437, 0.009382580721390218, 0.009200873408869962, 0.009252895145394804, 0.009621526459856476, 0.009839095057637297, 0.009664490211907028, 0.009749696771271216, 0.00925435917630779, 0.009693998658079218, 0.009553123938519486, 0.009535266324372012, 0.009631248549384415, 0.009318195986094978, 0.009720326430844946, 0.009604527341713716, 0.009605217880592716, 0.009428895316320305, 0.0095487257687722], "mae": [25.355854214716, 27.204047150301975, 25.73278602209093, 25.282256629276308, 25.42452924936417, 26.405254676511923, 27.02813284535414, 26.549375336885515, 26.770305635750354, 25.423339345669792, 26.62047428255086, 26.218036330857903, 26.191654504013094, 26.46490704278949, 25.579406857466747, 26.711824307632504, 26.36360223970418, 26.39903764424329, 25.884004348850286, 26.24087310810095], "mse": [1040.644310963507, 1140.4880078941483, 1115.351353092618, 1031.3298132546158, 1037.4697009423965, 1140.4228107315168, 1166.472397163315, 1123.847431572755, 1108.406841329802, 1064.8600654642378, 1136.4774321005805, 1119.7708779191382, 1073.8922114005159, 1140.2097295608264, 1028.34163836181, 1121.49561890063, 1094.3121589359416, 1128.5298248454496, 1074.3978796518866, 1109.7888288616023], "rmse": [32.259019063875876, 33.77111203224064, 33.39687639724137, 32.114324113308314, 32.20977648078913, 33.77014673837703, 34.153658620465755, 33.523833783932815, 33.292744574904034, 32.632193696781066, 33.71168094445278, 33.462977720447086, 32.77029464927827, 33.76699171618382, 32.06776634506697, 33.488738687813104, 33.08038934075507, 33.593597974099914, 32.77800908615236, 33.31349319512444]}
{"lag": 8, "time": [4.413021755218506, 4.4255955139795935, 4.412676493326823, 4.4142282446225485, 4.419511445363363, 4.404275325934092, 4.427935075759888, 4.442067492008209, 4.424781847000122, 4.428116766611735, 4.418803171316783, 4.57950530052185, 4.444899535179138, 4.5067584872245785, 4.410651739438375, 4.407105513413748, 4.421017042795817, 4.423419547080994, 4.4210462927818295, 4.6554892977078755], "mape": [0.009332132357916115, 0.009224141662395012, 0.009586579539241738, 0.009225575968507524, 0.009578952865518844, 0.0094580521097409, 0.009307323522740357, 0.009462112919409342, 0.009589371349835606, 0.009351535546917231, 0.009537870604676865, 0.009329222578563777, 0.009621197919237883, 0.009649228213206785, 0.009407648997426991, 0.009161338949013626, 0.009409916758253829, 0.009268525480078409, 0.009124440747099534, 0.009655700842134933], "mae": [25.620457822513636, 25.30086190867429, 26.327023869800612, 25.328427426815068, 26.282966905355515, 25.9766795707703, 25.56172013719088, 25.979083487176958, 26.31662521963124, 25.685019608259264, 26.190921871018453, 25.60248568606383, 26.406555865383197, 26.469018299102846, 25.83479996479753, 25.12266285257343, 25.857045164561313, 25.44827626249795, 25.0630977178574, 26.487511125254677], "mse": [1092.021021201301, 1055.8000954875986, 1104.351188822576, 1034.290732661861, 1108.583030855433, 1099.4345521537848, 1046.2989896909435, 1092.7655973287128, 1098.180271458, 1101.34796019349, 1112.657273315402, 1047.6847673891864, 1138.93012708381, 1155.0885821142824, 1046.2849986481199, 1058.8442659616446, 1070.3062716423783, 1055.5755080396623, 1015.8008122331426, 1132.7431820409406],