{"lag": 3, "num_sub_sequences": 9, "time": [0.28107552925745644, 0.2913857301076253, 0.28280776341756186, 0.2835073351860046, 0.2795764446258545, 0.2835739850997925, 0.28885403474171956, 0.2820582310358683, 0.2804092804590861, 0.28833767970403035, 0.2793432831764221, 0.2826912085215251, 0.2882710576057434, 0.28742159605026246, 0.27987627585728964, 0.2867886463801066, 0.2888706882794698, 0.28225814501444496, 0.2887873848279317, 0.3258477012316386], "mape": [0.007911404037370656, 0.007837805127694381, 0.007869317975378657, 0.007855089234262137, 0.0079175029641461, 0.007878633259974106, 0.007859802200211602, 0.007890174585376272, 0.007942448102747295, 0.007906999485067453, 0.007929222448725164, 0.007892921080672648, 0.007903843135923636, 0.00788655120869891, 0.007931842757334882, 0.007859721102934628, 0.007910580043757229, 0.007914068271544315, 0.00788483660107462, 0.00790066667034577], "mae": [9.841491654458506, 9.749804358165417, 9.788178721943076, 9.7745506289152, 9.847825354451226, 9.800218399677963, 9.781945864766367, 9.81168757027104, 9.87880830168961, 9.834899146606533, 9.86176770113291, 9.817239884760175, 9.834534922559113, 9.809513183257415, 9.86664542466284, 9.778098535511708, 9.847642028968018, 9.846459654962263, 9.80690350332431, 9.825615258542088], "mse": [181.269158712829, 176.48980004970556, 176.53651110290227, 178.30743574732853, 177.644090136662, 177.45195857649142, 177.22906196058773, 178.2009952412368, 180.40302790424607, 180.31380020093576, 180.98192376626358, 177.3476539359017, 178.37737215446896, 177.92451200559464, 181.26867997899978, 177.84331391183397, 178.7220323291152, 179.6253935525584, 179.1529018765855, 180.14022785214124], "rmse": [13.463623535765883, 13.284946369846796, 13.28670429801545, 13.353180735215432, 13.328319103947878, 13.32110950996543, 13.31274058789503, 13.349194554025976, 13.431419429987512, 13.428097415528969, 13.452952232363852, 13.317193921239628, 13.355799195647895, 13.338834731924473, 13.463605756965695, 13.335790711908835, 13.368695984617018, 13.402439835811926, 13.384801151925474, 13.421632831073172]}
{"lag": 4, "num_sub_sequences": 9, "time": [0.27974301179250083, 0.2856060345967611, 0.28377383947372437, 0.28239137729008995, 0.2806091586748759, 0.28322418133417765, 0.2835240085919698, 0.28240805069605507, 0.2836072603861491, 0.28315755128860476, 0.28167515198389687, 0.283107594648997, 0.28900395234425863, 0.28289106289545696, 0.27985960245132446, 0.28767141501108806, 0.28547279437383016, 0.2826245427131653, 0.28215821186701456, 0.28498976627985634], "mape": [0.007737193880446717, 0.007815053373907872, 0.007749578095763426, 0.007801974073160541, 0.007791595596861287, 0.007739464839991458, 0.0077946419305959976, 0.007778303298285678, 0.007804163977130719, 0.0077855575608274654, 0.007750478755856076, 0.007794476532707935, 0.0077544712023786405, 0.00777662780581467, 0.007809674774056455, 0.007773428665502797, 0.007789696709766058, 0.00780118496823835, 0.007726136648672541, 0.007839651315064885], "mae": [9.639019004589038, 9.730823320625797, 9.651286326280195, 9.715859672474492, 9.705823490543974, 9.635949420243035, 9.701074584829554, 9.685424370514973, 9.712288199793258, 9.688627089860427, 9.648921258080579, 9.6997405415939, 9.650881667132419, 9.675925755902895, 9.721218118814253, 9.678138410032744, 9.697057245107642, 9.712292112384057, 9.618612489733435, 9.759221569971437], "mse": [168.74499666172244, 173.54608645003384, 171.4743773831478, 171.95493365006888, 170.81174471031045, 172.36158181639408, 173.55923580914015, 172.2569115648917, 173.58090241556408, 172.65496849050814, 170.20574839885657, 174.6005367826911, 170.69115189910565, 173.38859035400924, 173.50351517223837, 173.22610411456844, 172.16560092040115, 175.19743748517251, 170.5721747468475, 174.12573493068126], "rmse": [12.990188476759005, 13.173689173881167, 13.094822541109437, 13.113158797561665, 13.069496727506781, 13.128654988855258, 13.174188240993832, 13.124668055417315, 13.175010528100692, 13.139823761775046, 13.04629251545651, 13.213649639016888, 13.064882391323147, 13.167710140871465, 13.172073305757085, 13.161538820159612, 13.121189005589438, 13.236216887206576, 13.060328278678432, 13.195671067841955]}
{"lag": 5, "num_sub_sequences": 9, "time": [0.2839404026667277, 0.2851396679878235, 0.28079237540562946, 0.28792127370834353, 0.28194164435068764, 0.28337411483128866, 0.2823081135749817, 0.28365722894668577, 0.2820749044418335, 0.28262461026509605, 0.28210822741190594, 0.2843734622001648, 0.28287442127863566, 0.28315757115681967, 0.28070911169052126, 0.2950501958529154, 0.28317422469456993, 0.28257459004720054, 0.28130869070688885, 0.28615570863087975], "mape": [0.00798290947800593, 0.00796016050891687, 0.007972453879318041, 0.008046539793299008, 0.007965740760162068, 0.00801910477549528, 0.007937538064548347, 0.007975386089633416, 0.007980339409694132, 0.008015827055922993, 0.008039647272930515, 0.008029328942685416, 0.008052290174756184, 0.007932453567889497, 0.008035331911644647, 0.008070224477295737, 0.007982333736515397, 0.00799247660929896, 0.007965238028913529, 0.007981952337634506], "mae": [9.933613281999792, 9.900289859178057, 9.918357999963428, 10.005202455828119, 9.906915135267718, 9.970199424898821, 9.871552052516794, 9.917039663077356, 9.928209491457268, 9.965293140342796, 10.001374118914685, 9.985728375050765, 10.013178551961039, 9.86385629110867, 9.987350944422552, 10.036231656164412, 9.927959316961827, 9.941384813624724, 9.906197980999481, 9.931563886886561], "mse": [178.67842286328641, 179.33887903752387, 179.97585231933704, 182.95833185417672, 179.75468980923057, 183.88577943272384, 178.912378149286, 178.9669744101346, 181.32071254613757, 185.48145578979083, 182.51734200774152, 182.99274606538708, 181.91476266893883, 180.86295696037985, 183.56004018118404, 183.95150098790648, 180.54959575038743, 181.20153225405866, 179.82291337695983, 181.89499556454524], "rmse": [13.36706485595422, 13.391746676125704, 13.415507903890074, 13.526209071804884, 13.407262577022596, 13.560449086690449, 13.375813177122579, 13.37785387908444, 13.465537959774855, 13.619157675487527, 13.509897927362054, 13.527481142673498, 13.487578087593741, 13.448529918187335, 13.548433126424031, 13.562872151130323, 13.43687447847852, 13.461111850588667, 13.40980661221331, 13.486845278438736]}
