{"lag": 3, "time": [0.034128816922505696, 0.03168033758799235, 0.030547698338826496, 0.03148043950398763, 0.030147937933603923, 0.03176358938217163, 0.0319135308265686, 0.03249650001525879, 0.03068093458811442, 0.0324798583984375, 0.03098075787226359, 0.03257977565129598, 0.03014793395996094, 0.03218000332514445, 0.030414438247680663, 0.031180651982625325, 0.03154709339141846, 0.031663703918457034, 0.030097909768422446, 0.03123063643773397], "mape": [0.015273292586019149, 0.015339665567694843, 0.015282692174335987, 0.015309053838777587, 0.015230608238679338, 0.015274810224892146, 0.015441054006513319, 0.015179871469697055, 0.015186442276942037, 0.015268167042231811, 0.015150725894786561, 0.015302484750774852, 0.015416663630528828, 0.015282489986300161, 0.015206558558015913, 0.015390070901591007, 0.0153014628545284, 0.015261822004294167, 0.015319185259823152, 0.01551523907067931], "mae": [18.861541926492425, 18.943112979372824, 18.873504181260632, 18.90619338990204, 18.80982041024618, 18.863167305079013, 19.06704908631506, 18.747410439754294, 18.753926161289925, 18.856651903263163, 18.708709573315254, 18.8987887540164, 19.036173656097073, 18.8713770507965, 18.780106790215964, 19.004237260176318, 18.89790429571082, 18.848741035939213, 18.920989641606337, 19.15823215977541], "mse": [687.8924824997866, 693.2678606362222, 685.8915449519425, 688.0244618102864, 680.2590870009466, 685.7489946333928, 705.3315413727444, 676.9999208952552, 677.987157566745, 686.5066404404586, 676.5995361665751, 686.8617305473055, 703.3817222030387, 687.6398793739066, 679.0240487748409, 699.5412366675565, 687.8695663462823, 683.9735794963407, 688.6493304650487, 714.9615830739644], "rmse": [26.22770448399529, 26.32998026273894, 26.189531209090827, 26.230220391950322, 26.081776914177965, 26.186809554304105, 26.558078646105866, 26.019222142394174, 26.03818652607637, 26.20127173326628, 26.011526986445357, 26.208047057102622, 26.52134465299674, 26.22288846359048, 26.058089891142078, 26.44884187762399, 26.227267611138647, 26.152888549763308, 26.242128924023078, 26.738765548805063]}
{"lag": 4, "time": [0.03066426912943522, 0.031913506984710696, 0.03014794588088989, 0.033012847105662026, 0.030997411410013834, 0.03188021977742513, 0.030064670244852702, 0.03159704605738322, 0.030447793006896973, 0.033362627029418945, 0.030597662925720213, 0.03184690475463867, 0.030531044801076254, 0.03184693654378255, 0.03224666118621826, 0.03171362082163493, 0.029864788055419922, 0.03188021183013916, 0.030081339677174888, 0.03279627164204915], "mape": [0.015079586337354817, 0.015352898825786377, 0.015278038034073573, 0.015251908177532941, 0.01522344376793287, 0.015290984282124812, 0.015372152647330627, 0.015175633020532923, 0.015256751647042441, 0.015158939274391, 0.0152424958288079, 0.015351248083414938, 0.015208151301359196, 0.01507013281122508, 0.01537111897889967, 0.01528285221496825, 0.015444001304501907, 0.015419546929095933, 0.015221602855958255, 0.015232029018162294], "mae": [18.622975687525933, 18.96152450168683, 18.86769290340222, 18.837209635341456, 18.803080615573936, 18.882943506830387, 18.986779988121896, 18.739755034628843, 18.84270849304895, 18.72145746526974, 18.821323192678395, 18.957551893064434, 18.783921920976475, 18.607816019496983, 18.984663726746565, 18.87239405997689, 19.071803213920866, 19.038143442954343, 18.79720250496316, 18.81455180276718], "mse": [666.9821641763726, 693.2745812518868, 685.6942463816761, 682.4603434415096, 679.0269933711323, 686.4804984376653, 693.468585976467, 677.1630940741456, 683.3272982222788, 677.0873057801263, 684.8467216208614, 696.3414856076446, 679.2423894060129, 667.9274770809614, 694.9645172069401, 688.1030274501693, 703.817860816089, 705.0763423516709, 682.3743947874633, 682.4117965698116], "rmse": [25.825997835057073, 26.33010788530664, 26.185764193196196, 26.123941958316887, 26.058146391697402, 26.20077285954873, 26.333791712863285, 26.022357581013786, 26.140529799953917, 26.020901325283223, 26.16957625986446, 26.388283112162576, 26.062279052416212, 25.844292930567114, 26.362179674809518, 26.231717966045785, 26.52956578642193, 26.55327366543852, 26.12229688958196, 26.123012777430777]}
{"lag": 5, "time": [0.03003135124842326, 0.03184690872828166, 0.03048106034596761, 0.032329936822255455, 0.031230612595876058, 0.03191351890563965, 0.03131389617919922, 0.032130054632822674, 0.03049773375193278, 0.03337928056716919, 0.030097981293996174, 0.03171364068984985, 0.030331170558929442, 0.032346562544504805, 0.03183022340138753, 0.0318968653678894, 0.030531068642934162, 0.032196684678395586, 0.030947458744049073, 0.03178025086720784], "mape": [0.015290353754595244, 0.015325475656412544, 0.01522517077103085, 0.015297774807193389, 0.015166648066320334, 0.015201148434432741, 0.015212463981991118, 0.015256587459782889, 0.01527909333984901, 0.015179174345212728, 0.015275229072240066, 0.015328207072471105, 0.015315497468706184, 0.015485964762669963, 0.015269341296639045, 0.015420271034091663, 0.01530102879228255, 0.015162607051104504, 0.01536936123612463, 0.015305258791820146], "mae": [18.884402326494452, 18.92625126482121, 18.805733616555493, 18.890973565509874, 18.732757855023426, 18.77479062760515, 18.789552922710072, 18.84072449005549, 18.867624014898077, 18.74331805050965, 18.865884716639677, 18.92943988780181, 18.916459663164996, 19.122608200757515, 18.853986275129852, 19.044464555297584, 18.89698804146241, 18.725151183280857, 18.980611764367616, 18.904311266515467], "mse": [689.5381367356835, 688.2318094519144, 684.7201790110962, 689.0921814642925, 673.350335984857, 679.4273144874029, 679.8402283818398, 681.5911117210964, 685.7698193600248, 677.9100106179247, 685.471793486556, 689.5604486087294, 689.4574443637688, 708.0132810825153, 687.8988308440187, 700.8854713524768, 687.1614520259333, 678.2082239225823, 692.8411487452453, 688.1070993510812], "rmse": [26.259058184475762, 26.23417255131014, 26.16715840535797, 26.250565355136498, 25.948994893537918, 26.06582656443879, 26.073745959908404, 26.107299969952777, 26.187207169914565, 26.03670506454157, 26.181516256446187, 26.259483022495502, 26.25752167215651, 26.608518956952775, 26.22782550735037, 26.47424165774115, 26.213764552729415, 26.04243122142367, 26.321875859164088, 26.23179558000331]}
