{"lag": 3, "num_sub_sequences": 9, "time": [0.03362913529078166, 0.036560634771982826, 0.03326269388198853, 0.03456187645594279, 0.0326963464419047, 0.03617752393086751, 0.03471177419026693, 0.0347284197807312, 0.03331265846888224, 0.03516149123509725, 0.03334595362345378, 0.03627747694651286, 0.03291287422180176, 0.03459519545237223, 0.033362611134847, 0.040191741784413655, 0.036327449480692546, 0.035927716890970865, 0.03327937920888265, 0.034994939963022866], "mape": [0.00809578571946116, 0.00814649166440113, 0.008077174586088849, 0.008057540223899498, 0.008115105936505648, 0.00806582800363929, 0.00820603332916347, 0.008208525663272062, 0.00813247313141871, 0.008135432877879838, 0.008101505170450362, 0.008155414529991703, 0.008026462341468416, 0.008116984011303563, 0.007996043808511587, 0.008138722681190631, 0.008176341360572522, 0.008065267724884476, 0.008184790652567435, 0.008131037304119865], "mae": [10.070370350397445, 10.128875360416455, 10.0414020037929, 10.020003411169094, 10.091653055131204, 10.034104806970037, 10.198080093664307, 10.203443114889405, 10.111453066150702, 10.112912044688056, 10.073626896218649, 10.13856761126055, 9.983275912565936, 10.093048167309707, 9.939355414689533, 10.119243892673698, 10.166744618791318, 10.029402739834929, 10.17535733090329, 10.11503200450084], "mse": [185.53360431585682, 189.0052648314509, 186.36021728519296, 185.83565391422718, 188.63474313564492, 185.31939205585502, 191.10530947940737, 190.4395880939702, 186.59351791923572, 189.1056724511817, 185.6440856503808, 187.48291671906364, 183.7612092829873, 186.6646521143872, 182.31377367312106, 188.57746357460908, 188.1725818874667, 184.4156642951281, 188.25016377689698, 186.68613836915472], "rmse": [13.621072069255666, 13.747918563602669, 13.65138151562665, 13.632155145619022, 13.734436396723563, 13.613206531007124, 13.824084399315831, 13.799985075860416, 13.659923788924875, 13.751569817703786, 13.6251269957524, 13.692440130198257, 13.555855166052318, 13.66252729601618, 13.502361781300376, 13.732350984977375, 13.717601171030841, 13.57997291216474, 13.720428702372859, 13.663313594042798]}
{"lag": 4, "num_sub_sequences": 9, "time": [0.03551129102706909, 0.03506154616673787, 0.033912289142608645, 0.03674385547637939, 0.0357111652692159, 0.03564453919728597, 0.03402887185414632, 0.03582773605982462, 0.03349585930506389, 0.036993702252705894, 0.03472845156987508, 0.03511154651641846, 0.03376238346099854, 0.0359110156695048, 0.034778436024983726, 0.035311404863993326, 0.0337457021077474, 0.035611220200856525, 0.03421210845311483, 0.0364107330640157], "mape": [0.008310025161441623, 0.008293972019316451, 0.008191352112589569, 0.008326845309732734, 0.008439916645267517, 0.0084123554572128, 0.008358352856196872, 0.008241677913586909, 0.0083101815073999, 0.008235834373579703, 0.008267648478234897, 0.008250005727666324, 0.008280649153927601, 0.008304293728343239, 0.00828392742579216, 0.008305052767345894, 0.008300071679002907, 0.00836655323271382, 0.008427003515002718, 0.008296157429864935], "mae": [10.330194154264529, 10.307558051754558, 10.182566846017803, 10.352800267106963, 10.486527607511912, 10.453475058446573, 10.383037113393291, 10.245106243325608, 10.328439155632688, 10.231598749993344, 10.28164743838566, 10.252177906032239, 10.287000563731866, 10.317918621061947, 10.29598183954253, 10.321487971142174, 10.318302589986063, 10.395601799166402, 10.469965594509652, 10.31485776683434], "mse": [190.9299713116293, 194.1944901540884, 189.72554588409125, 193.47529050780287, 197.4397305080236, 198.17041430120986, 197.2255246215178, 191.57115185422205, 192.13179952745799, 189.25092171156408, 191.22445125822003, 191.9836381789618, 191.0677357081323, 192.9219250062468, 190.91244325028282, 193.60223719743084, 193.35793368108457, 199.05556076687645, 196.5562573461565, 193.40303082246663], "rmse": [13.817741179788731, 13.935368317848237, 13.774089657182113, 13.909539550531601, 14.051324866645977, 14.077301385606896, 14.043700531609103, 13.840923085337266, 13.861161550442228, 13.756849992333422, 13.828392938379356, 13.855816041610895, 13.822725335769798, 13.889633724697235, 13.817106905943907, 13.91410209813881, 13.905320337233679, 14.108705141396799, 14.019852258356952, 13.906941821351905]}
{"lag": 5, "num_sub_sequences": 9, "time": [0.0357278307278951, 0.03662725687026978, 0.03467845916748047, 0.03752671480178833, 0.03617754777272542, 0.038059719403584796, 0.03579444885253906, 0.036260839303334555, 0.035394680500030515, 0.041274372736612955, 0.03654399315516154, 0.036793820063273114, 0.034695112705230714, 0.03834285338719686, 0.0351781686147054, 0.036860458056132, 0.03436199426651001, 0.03661063114802043, 0.03536134958267212, 0.03616087834040324], "mape": [0.008406801608974198, 0.0083645946794276, 0.00844066338155371, 0.008463164642989249, 0.008412386566570326, 0.008342342027235201, 0.008371474645392455, 0.008479039673591142, 0.008609095362920231, 0.00844404751873211, 0.008474688373567565, 0.008469825014351208, 0.008395684588589086, 0.008397295031302994, 0.008453478167018231, 0.008432755913302352, 0.008457061134925939, 0.008381614066958816, 0.008405707381123232, 0.008470432029949525], "mae": [10.439223137280292, 10.389961346594827, 10.487241501724203, 10.511756676868615, 10.453190506897748, 10.366092246843003, 10.391832265475436, 10.53112703061885, 10.67944144210645, 10.48724765704324, 10.514824859342644, 10.518458478999516, 10.428365462692014, 10.435498042290527, 10.494640485122805, 10.474347678413471, 10.510380351533971, 10.407200149084845, 10.438586446754044, 10.512125240974722], "mse": [197.43890744627532, 194.2014572765608, 197.09613675933826, 202.30967820497602, 195.64979601927257, 194.15656199787992, 196.88832697749217, 198.9823680884905, 209.202529602528, 197.97502776084926, 201.13284462097974, 201.16226888861533, 195.47283156267315, 195.5968092143876, 201.5235855660437, 198.01613603264622, 200.3031597046237, 196.14080051711306, 196.29136630570912, 199.42703803620446], "rmse": [14.051295578923508, 13.935618295452871, 14.039093160148852, 14.223560672524163, 13.987487123113736, 13.934007391912777, 14.031690096973072, 14.10611101928843, 14.463835231449783, 14.070359901610521, 14.182131173451321, 14.183168506670691, 13.981159879018376, 13.98559291608288, 14.19590030840044, 14.071820636742292, 14.152849879251306, 14.005027687124116, 14.010402075090818, 14.121863830111252]}
