{"lag": 5, "time": [50.57437589565913, 50.69047891696294, 50.56076296170553, 50.36229917208354, 50.338516620794934, 50.33685051202774, 50.238086660703026, 50.3609690229098, 50.40542921622594, 50.40562737385432, 50.373919840653734, 50.369387531280516, 50.59296998580297, 50.38327317635218, 50.3857515335083, 50.72345451513926, 48.64553215901057, 46.92641243537267, 46.791141680876414, 46.693147762616476], "mape": [0.012855949889224021, 0.01254123079989333, 0.01244351503367355, 0.012707269460008693, 0.0125803289370031, 0.012532446111619047, 0.012308154956384145, 0.012880396862071734, 0.012834279395221002, 0.012496949294900729, 0.012715320284146443, 0.012715004841509813, 0.012832477166530399, 0.012460989385861508, 0.012633935772542073, 0.012695872689698748, 0.012669308083440816, 0.012578888038187313, 0.012470379982482854, 0.012425943977612446], "mae": [37.294327874446836, 36.42867803256223, 36.166494365688315, 36.92322352091978, 36.52726550528333, 36.406611473832115, 35.7315479418373, 37.49994543216703, 37.32382298896787, 36.272731477975825, 36.996900294523215, 36.9634730552883, 37.32174707933043, 36.19224241473768, 36.68095879056546, 36.942801625869734, 36.85848948255537, 36.555338913887, 36.249740833263374, 36.09318415180204], "mse": [2597.41262013221, 2466.686097823698, 2453.2965699224787, 2476.81963487706, 2464.5127285545154, 2459.702171170965, 2393.1048540396364, 2589.4703819420374, 2544.807704786705, 2444.6965692604317, 2564.752206322828, 2501.6864125125135, 2628.3918198159495, 2437.920730628265, 2465.582531020889, 2485.017128324916, 2486.7325778816985, 2485.254535308103, 2499.4694105929602, 2476.6736691986875], "rmse": [50.964817473745654, 49.665743705533075, 49.53076387380351, 49.76765651381487, 49.64385892086266, 49.595384575290524, 48.91937094893633, 50.88683898555733, 50.44608711076316, 49.4438729193055, 50.643382650873825, 50.0168612820968, 51.267843916201016, 49.37530486618047, 49.65463252326905, 49.849946121584885, 49.86714928569407, 49.85232728076096, 49.99469382437461, 49.766190020923716]}
{"lag": 6, "time": [47.02347909212112, 46.9593866109848, 46.8926686724027, 46.890925951798756, 46.93305000464122, 46.992624227205916, 46.947843138376875, 46.93276363611221, 46.89950927893321, 47.58149661620458, 46.90223215023676, 46.83093063433965, 46.82931156953176, 48.11359745264053, 47.01182835102081, 47.08913592894872, 47.01134620110194, 47.06339723269145, 47.17218494812648, 46.906714630126956], "mape": [0.012513270677059832, 0.012617035336869436, 0.012504990212278643, 0.01267184957561712, 0.012663834167716288, 0.0123649551446469, 0.012665746550144083, 0.01279236551734307, 0.012588803239702946, 0.012548591406694063, 0.012385623781491535, 0.012488152775346241, 0.012671684875829621, 0.01241622635857061, 0.01245792011831834, 0.012486608709043596, 0.01264656274156198, 0.012659577029429521, 0.012605760471195555, 0.012146060284365994], "mae": [36.32848006663512, 36.58497326838303, 36.290770351268755, 36.8095209256897, 36.73664462335205, 35.8829399463272, 36.71505829346464, 37.146496328228, 36.51498447880934, 36.40073087964248, 35.98605241098404, 36.26393683116147, 36.77513545758819, 36.067770704433414, 36.12968439513014, 36.21954949967573, 36.6924574988861, 36.77994278207777, 36.56132486758422, 35.219140091516486], "mse": [2675.302723105055, 2645.542977530813, 2663.746181134286, 2758.1590835546253, 2752.6493892259723, 2733.6673949582737, 2708.908395064012, 2813.7991026737755, 2629.6348339034844, 2717.0212282738007, 2745.734580553956, 2666.539151171931, 2726.143006243884, 2759.8162204272217, 2693.350689392824, 2758.9832027180887, 2752.396063551629, 2769.3367253515444, 2658.4737485505443, 2578.7943006231017], "rmse": [51.723328615867864, 51.43484205799424, 51.61149272336817, 52.51817860088662, 52.465697262363456, 52.28448522227482, 52.04717470779766, 53.04525523243125, 51.27996522915635, 52.12505374840203, 52.39975744747256, 51.638543271203254, 52.21247941099794, 52.533953024945895, 51.897501764466696, 52.52602405206479, 52.463283003941235, 52.62448788683405, 51.56038933668504, 50.781830418202745]}
{"lag": 7, "time": [47.595230265458426, 47.39031969308853, 47.303338352839155, 47.35695373217265, 48.62341078917186, 48.86795997619629, 48.72346167564392, 48.68359344402949, 48.65421930551529, 48.702989892164865, 48.63184805313746, 48.894837129116056, 49.63041363954544, 48.65230352481206, 48.59371605316798, 48.430313007036844, 48.62121041615804, 48.68699376583099, 48.61665784915288, 49.20534313122432], "mape": [0.012797975059577369, 0.01325753324648963, 0.01317678784306155, 0.013282178122651665, 0.01325457424913979, 0.012999059805415982, 0.013068214177624058, 0.013018599042169817, 0.013395559973061641, 0.013161874854690456, 0.013257395334523367, 0.012798434709409364, 0.013188916888998394, 0.012724630735576338, 0.012907649465375119, 0.013043325693447287, 0.012840716232841037, 0.013055952560381633, 0.013015414088763206, 0.012700154479500356], "mae": [37.129851913310986, 38.44404246829984, 38.18900564604567, 38.51843566375729, 38.46987659591195, 37.72209235298917, 37.87609883882137, 37.796274588378886, 38.907347543773625, 38.209092751625036, 38.48256114495084, 37.1782124147987, 38.32292728000638, 36.923827254417404, 37.43658617668913, 37.91857557707594, 37.26039137386319, 37.949322329273194, 37.78613697079084, 36.84615630734251], "mse": [2753.6277734331707, 2977.5387005273606, 2884.231960538691, 2977.7262794916464, 2800.5761197901143, 2901.6775445414905, 2842.959606225538, 2891.4781336414076, 3003.5527493773657, 2923.9732718927703, 2918.7123603133223, 3008.1903854244792, 2938.9559217261517, 2825.1619774372825, 2833.653679546782, 2839.1010557230456, 2784.3182670213005, 2785.1991704745824, 2920.8399291803426, 2814.5051757695987], "rmse": [52.4750204710124, 54.56682784006562, 53.70504595043832, 54.56854661333438, 52.920469761616005, 53.86722142956225, 53.319411157903254, 53.772466315405396, 54.80467817054823, 54.07377619412917, 54.02510860991695, 54.84697243626561, 54.21213814014489, 53.15225279738652, 53.232073785893235, 53.28321551598632, 52.76663971697744, 52.77498621955843, 54.04479557904112, 53.05191019906445]}
{"lag": 8, "time": [48.58985822200775, 48.67862389087677, 48.567573901017504, 48.58478622436523, 48.60561737219493, 48.648651985327405, 48.634608789285025, 48.75085168282191, 48.65508474111557, 48.80264290968577, 48.65164518753688, 48.54312198559443, 48.62359094619751, 48.70113172133764, 49.207701003551485, 48.72484041452408, 48.735906457901, 48.129077859719594, 48.23463427225749, 48.19030717611313], "mape": [0.013025262543549172, 0.012885904664936054, 0.013158577205002702, 0.013062328590510328, 0.013042121801714634, 0.013232293684327913, 0.013077574807645466, 0.013473731228937302, 0.012816420611115898, 0.013184574827099647, 0.013036487048671698, 0.013288745834487454, 0.013203398719876327, 0.013414260361701201, 0.012839197758792777, 0.012978672022501081, 0.01319021892179755, 0.013172694397510218, 0.013342324756637778, 0.013714522209496306], "mae": [37.824233988103835, 37.40499279653165, 38.2343715218124, 37.96593891405103, 37.869163989601105, 38.41191088442608, 37.863651965358706, 39.134854344772315, 37.22767967754361, 38.3454298924255, 37.85331708023831, 38.55760960583493, 38.355575742950414, 38.993837728729225, 37.31161475923918, 37.71642318033216, 38.2886064940376, 38.28325260835644, 38.7461836951332, 39.86656878906247], "mse": [2876.072519365416, 2828.51470132602, 2980.6752060151466, 2770.93856516407, 2971.7035955224883, 3012.8545142148087, 2867.524516289364, 3099.950439688787, 2920.5530040910135, 3080.240374484859, 2988.5733338464183, 3062.263507395278, 2898.9274495634368, 3026.3181344911345, 2854.4069288903124, 2901.6855513103346, 2875.1745737389197, 2919.1095807152674, 2830.079430045169, 3077.854793163336],