{"lag": 5, "time": [5.338348770141602, 5.3493258357048035, 5.3321376959482825, 5.321912479400635, 5.38835817972819, 5.396724506219228, 5.363688743114471, 5.342064452171326, 5.340109006563822, 5.327733707427979, 5.324108739693959, 5.343540092309316, 5.326491789023081, 5.331931825478872, 5.365886795520782, 5.358928978443146, 5.329250462849935, 5.335442562898, 5.331495181719462, 5.339748851458231], "mape": [0.012106672832915498, 0.011879144985244505, 0.011884881570002425, 0.011698159141266705, 0.011419180922326013, 0.011590841548951599, 0.01202496518289524, 0.011771874583060518, 0.011639967352302058, 0.011713659754627204, 0.011761179705751065, 0.011714116144199158, 0.011760245057235028, 0.011552585363949604, 0.011778947613561274, 0.011941626185372766, 0.011870397930064051, 0.01203444408890215, 0.012266351734692024, 0.011802408657199675], "mae": [35.14563254447553, 34.45903813587281, 34.516074149328205, 33.94356046007725, 33.07362982232283, 33.5966898901348, 34.8787479350147, 34.13140245364758, 33.77275234611604, 34.006072790458646, 34.113062785366026, 33.96060273907659, 34.11596291113804, 33.488723071690536, 34.16049765446373, 34.60689105832002, 34.464366657787295, 34.94121015631578, 35.607311393934225, 34.1855846806948], "mse": [2533.5751329533896, 2427.1839921975743, 2418.5790277663973, 2390.968976055767, 2261.4499777180768, 2352.2316871109074, 2497.6833929749373, 2361.817533691249, 2325.850641517558, 2372.8174840702604, 2395.7921331673074, 2328.3860201606376, 2411.0235761545614, 2344.2267425047994, 2442.1363441523367, 2325.01797577944, 2472.868864404941, 2409.7605559066824, 2560.812158812744, 2448.4034712614825], "rmse": [50.33463154681267, 49.266459099447914, 49.179050700134475, 48.89753548038763, 47.55470510599426, 48.49981120696149, 49.97682856059333, 48.598534275132714, 48.227073739939456, 48.711574436372516, 48.9468296538939, 48.25335242406104, 49.10217486175701, 48.417215352649094, 49.41797592124081, 48.21844020475403, 49.72794852399344, 49.08931203334064, 50.604467775214715, 49.48134467919685]}
{"lag": 6, "time": [4.993238655726115, 4.970491985479991, 4.973435290654501, 4.970089856783549, 4.984062035878499, 4.974003581206004, 4.964767825603485, 4.980825742085774, 5.006884956359864, 4.985963479677836, 4.990262993176779, 4.985513174533844, 4.981552890936533, 4.977912028630574, 4.979093102614085, 4.9826851050059, 4.990398915608724, 4.974377298355103, 4.979007093111674, 5.006407109896342], "mape": [0.011638940241020124, 0.011650250897878972, 0.011599321373217031, 0.01166070757056171, 0.011671109800629435, 0.011883542796292295, 0.011625603825054304, 0.011737381888404692, 0.011735405211732773, 0.011326926120425613, 0.011662514258012515, 0.011659169967196872, 0.011744868172615162, 0.011711683017620047, 0.011619501942087097, 0.011874982559672587, 0.01212415321364291, 0.011677901344415504, 0.011856253518500734, 0.011845123218996832], "mae": [33.74803505316732, 33.82126484672114, 33.58207788020464, 33.79802115450188, 33.90882842226311, 34.48121888349339, 33.69746068007277, 34.0010441040344, 34.03068757304572, 32.847308136322944, 33.81734524352834, 33.82467130586813, 34.010274995663615, 33.94024507329176, 33.64678694436833, 34.43860130224416, 35.19347707758233, 33.843984159450514, 34.38817051978681, 34.36265198653969], "mse": [2336.198571840092, 2347.7894728695906, 2364.9846614648654, 2317.0758172387814, 2428.6501061036947, 2364.190905689765, 2330.281005609759, 2369.6477379656476, 2414.3863416529334, 2257.63400348506, 2334.9964694532623, 2421.2790182179797, 2382.576950461199, 2399.928034591781, 2282.686754083213, 2391.674684730511, 2492.0140134663384, 2396.3872761729813, 2418.227848497552, 2418.867858422295], "rmse": [48.33423809102707, 48.453993363494725, 48.631107960490326, 48.136013724017296, 49.28133628569435, 48.62294628763013, 48.272984221091605, 48.67902770152304, 49.13640546125585, 47.51456622431757, 48.32180118179849, 49.2064936590485, 48.81164769254567, 48.98906035628547, 47.77747119807842, 48.90475114680077, 49.92007625661582, 48.952908761104084, 49.17548015523135, 49.1819871337291]}
{"lag": 7, "time": [5.021809411048889, 5.023574940363566, 5.009682599703471, 5.0366584459940595, 4.9892922163009645, 4.996791577339172, 5.240345323085785, 4.999438734849294, 5.077400390307108, 4.996404401461283, 4.987744204203287, 5.022244489192962, 5.057901243368785, 5.428239683310191, 5.228256849447886, 4.9999351342519125, 4.996028057734171, 4.9955782175064085, 5.00787060658137, 5.020499308904012], "mape": [0.011774792219962806, 0.011615230979368056, 0.011861915603694605, 0.011897165179619522, 0.011605606710432584, 0.011509044749413168, 0.01173379719655613, 0.011613229487253624, 0.011508289076043504, 0.011633478586113428, 0.011686896310678785, 0.011989092149929732, 0.011939985767725394, 0.011971571081538079, 0.011792107270465266, 0.011909151600185006, 0.011580017046928454, 0.011546476017286464, 0.011761312588889572, 0.011625234717533052], "mae": [34.20726309437344, 33.686634074569675, 34.38377939889714, 34.52840419666741, 33.643992396184906, 33.386582147314996, 34.01725589843366, 33.684123133519144, 33.41846447774312, 33.74944441487762, 33.87965028355405, 34.812191056214296, 34.68801784444807, 34.710364188867544, 34.202854392108904, 34.52985930239939, 33.577290311807616, 33.48920078059288, 34.12550966524503, 33.660848278039914], "mse": [2467.24915490983, 2419.764517982604, 2394.668781919685, 2436.016135870994, 2418.4501445399333, 2356.1950623252906, 2383.968210838202, 2378.409074509729, 2396.75137346563, 2338.477547454599, 2353.35027461261, 2445.002510955842, 2467.7320873789195, 2456.2632389371443, 2437.328872588855, 2474.553277498425, 2337.2643174372206, 2332.784022293482, 2379.405112872403, 2264.5375317959492], "rmse": [49.67141184735773, 49.19110202041223, 48.9353530887403, 49.356014181363896, 49.177740335846394, 48.54065370723071, 48.825896928148715, 48.76893554825376, 48.95662747234157, 48.357807512899086, 48.511341711115456, 49.446966650704084, 49.67627288131548, 49.56070256702526, 49.36931104024903, 49.74488192265034, 48.345261582053936, 48.298902909833075, 48.77914629093465, 47.58715721490358]}
{"lag": 8, "time": [5.130085627237956, 5.1352845152219135, 5.14748013416926, 5.132379484176636, 5.131749939918518, 5.147376084327698, 5.131207267443339, 5.131530185540517, 5.130482792854309, 5.12855783700943, 5.142684670289357, 5.116137023766836, 5.119877942403158, 5.159522688388824, 5.131605092684428, 5.129974182446798, 5.134524989128113, 5.137821328639984, 5.133545219898224, 5.162269461154938], "mape": [0.01150031698033487, 0.01195233601917336, 0.011688037490935286, 0.012005020051004765, 0.011677893709985959, 0.011572354161418432, 0.01192322483561422, 0.011872023933379418, 0.011775244914074138, 0.011586796905284186, 0.011852255999148987, 0.011705845019947756, 0.01180220527057825, 0.011797321528313356, 0.011957834755932229, 0.011792859250922076, 0.011953711756407592, 0.01191790214168722, 0.011741197472490724, 0.01190575715622406], "mae": [33.37331026795765, 34.654707800120335, 33.92256094908141, 34.822426424362156, 33.876463668519, 33.57115617280576, 34.625610836380936, 34.42464983937284, 34.17458318183753, 33.60288436992451, 34.36233733897779, 33.92846413119122, 34.25705539892958, 34.239491607734664, 34.67371719343945, 34.219620506483054, 34.69614903115652, 34.575106433765626, 34.02856451039884, 34.54451670149848], "mse": [2361.328337266169, 2430.3801334712903, 2371.956082734314, 2374.0770541556376, 2343.9593623045193, 2341.7766876239166, 2498.36948986254, 2459.1195150626813, 2373.1658016445836, 2318.026101452346, 2356.688269111535, 2383.4677545773966, 2345.2977221128676, 2424.5926920603792, 2427.1089196540356, 2378.149587201842, 2425.897798488106, 2385.481578349176, 2354.0331096965606, 2411.631744104661],