{"lag": 5, "time": [41.65799531539281, 41.29963848988215], "mape": [0.0112784955393773, 0.011442233513691996], "mae": [32.676350403929675, 33.136717400033916], "mse": [2148.048761223539, 2196.0684783349793], "rmse": [46.34704695256796, 46.862228695773524]}
{"lag": 6, "time": [42.08309521277746, 41.08956649700801], "mape": [0.01134557231567748, 0.011047273727037352], "mae": [32.894056911498986, 32.05236123535819], "mse": [2134.7226276134343, 2137.020616225907], "rmse": [46.20305863915758, 46.22792031041313]}
{"lag": 7, "time": [40.9473024169604, 41.24636127551397], "mape": [0.011297882816533565, 0.011309848098330442], "mae": [32.760193126836285, 32.80566822804828], "mse": [2141.720629917321, 2163.524399645875], "rmse": [46.278727617743776, 46.513701203472024]}
{"lag": 8, "time": [41.420683256785075, 41.104651693503065], "mape": [0.011337008750225318, 0.011287933578799788], "mae": [32.81116046194123, 32.74252311935993], "mse": [2126.900378394913, 2155.7659845643507], "rmse": [46.11833017786868, 46.43022705699759]}
{"lag": 9, "time": [40.81740117073059, 41.32534471352895], "mape": [0.011231782759895382, 0.011158723078183694], "mae": [32.56663053831956, 32.36706442942043], "mse": [2123.888344790309, 2092.5564014117012], "rmse": [46.08566311544523, 45.74446853349267]}
{"lag": 10, "time": [41.979041024049124, 41.747889924049375], "mape": [0.011359802413827258, 0.011110493084839518], "mae": [32.912283112951236, 32.2280322875671], "mse": [2115.4423792004504, 2100.9205560026835], "rmse": [45.99393850498618, 45.83579993850531]}
{"lag": 11, "time": [42.04767681360245, 42.541409881909686], "mape": [0.011319267055434956, 0.011318540305582391], "mae": [32.81368929467103, 32.80992526339146], "mse": [2143.7728135104776, 2168.3358719387365], "rmse": [46.30089430573105, 46.565393501384015]}
